{
  "WD24 7GP": {
    "name": "BARTON D GRAYS WATFORD",
    "allNames": [
      "BARTON D GRAYS WATFORD"
    ],
    "terminal": "Grays",
    "lat": 51.67657699999999,
    "lng": -0.3874792999999954
  },
  "UB6 0EJ": {
    "name": "PETROGAS GREENFORD S/STATION",
    "allNames": [
      "PETROGAS GREENFORD S/STATION"
    ],
    "terminal": "West London",
    "lat": 51.5518789,
    "lng": -0.33943279999994047
  },
  "TW8 0DU": {
    "name": "AGNIHOTRI BRENTFORD S STN",
    "allNames": [
      "AGNIHOTRI BRENTFORD S STN"
    ],
    "terminal": "West London",
    "lat": 51.4880052,
    "lng": -0.2923637999999755
  },
  "SL1 3XE": {
    "name": "MOTOR FUEL BATH ROAD S STN",
    "allNames": [
      "MOTOR FUEL BATH ROAD S STN"
    ],
    "terminal": "West London",
    "lat": 51.51348650000001,
    "lng": -0.6162916000000678
  },
  "PO6 2SJ": {
    "name": "PORTSBRIDGE SERVICE STATION LTD",
    "allNames": [
      "PORTSBRIDGE SERVICE STATION LTD"
    ],
    "terminal": "West London",
    "lat": 50.8394318,
    "lng": -1.0685002999999824
  },
  "PO5 4DY": {
    "name": "GREEN ROAD GREEN ROAD S STN",
    "allNames": [
      "GREEN ROAD GREEN ROAD S STN"
    ],
    "terminal": "West London",
    "lat": 50.7911365,
    "lng": -1.0896207000000686
  },
  "KT19 0SH": {
    "name": "AGNIHOTRI KINGSTON RD S STN",
    "allNames": [
      "AGNIHOTRI KINGSTON RD S STN"
    ],
    "terminal": "West London",
    "lat": 51.3635315,
    "lng": -0.256948599999987
  },
  "KT14 7JH": {
    "name": "MFG OYSTER LANE S STN",
    "allNames": [
      "MFG OYSTER LANE S STN"
    ],
    "terminal": "West London",
    "lat": 51.3462693,
    "lng": -0.4806446999999707
  },
  "HP6 6AJ": {
    "name": "MOTOR FUEL AMERSHAM S STN",
    "allNames": [
      "MOTOR FUEL AMERSHAM S STN"
    ],
    "terminal": "West London",
    "lat": 51.67781069999999,
    "lng": -0.6023654000000533
  },
  "HP2 5HD": {
    "name": "MARCO POLO QUEENSWAY S STN",
    "allNames": [
      "MARCO POLO QUEENSWAY S STN"
    ],
    "terminal": "West London",
    "lat": 51.75808499999999,
    "lng": -0.46852910000006887
  },
  "HP13 7EX": {
    "name": "MFG HIGH WYCOMBE S STN",
    "allNames": [
      "MFG HIGH WYCOMBE S STN",
      "UK FUELS D HIGH WYCOMBE S STN"
    ],
    "terminal": "West London",
    "lat": 51.625376,
    "lng": -0.7170949000000064
  },
  "HA3 9DP": {
    "name": "PARTH KENTON PARK S STN",
    "allNames": [
      "PARTH KENTON PARK S STN"
    ],
    "terminal": "West London",
    "lat": 51.5875106,
    "lng": -0.3014252000000397
  },
  "GU7 1QY": {
    "name": "OCKFORD RD D WL",
    "allNames": [
      "OCKFORD RD D WL",
      "KEYFUELS D OCKFORD ROAD FS"
    ],
    "terminal": "West London",
    "lat": 51.1841068,
    "lng": -0.6184212000000571
  },
  "GU35 9QF": {
    "name": "WOOLMER SERVICE STATION LTD",
    "allNames": [
      "WOOLMER SERVICE STATION LTD",
      "UK FUELS D WOOLMER SS",
      "KEYFUELS D WOOLMER SS"
    ],
    "terminal": "West London",
    "lat": 51.1087785,
    "lng": -0.8661402999999837
  },
  "GU22 8BT": {
    "name": "SONCO COLLEGE S STN",
    "allNames": [
      "SONCO COLLEGE S STN"
    ],
    "terminal": "West London",
    "lat": 51.3225984,
    "lng": -0.5398090999999567
  },
  "GU14 7JT": {
    "name": "MOTOR FUEL KINGSMEAD S STN",
    "allNames": [
      "MOTOR FUEL KINGSMEAD S STN"
    ],
    "terminal": "West London",
    "lat": 51.2921773,
    "lng": -0.7538230999999769
  },
  "UB7 7EQ": {
    "name": "MFG MILL ROAD S STN",
    "allNames": [
      "MFG MILL ROAD S STN"
    ],
    "terminal": "Thames",
    "lat": 51.5018593,
    "lng": -0.47830020000003515
  },
  "TN40 1QF": {
    "name": "MFG BEXHILL S STN",
    "allNames": [
      "MFG BEXHILL S STN"
    ],
    "terminal": "Thames",
    "lat": 50.84211269999999,
    "lng": 0.472698199999968
  },
  "TN38 8BH": {
    "name": "MFG HASTINGS S STN",
    "allNames": [
      "MFG HASTINGS S STN"
    ],
    "terminal": "Thames",
    "lat": 50.8509524,
    "lng": 0.5252523999999994
  },
  "TN31 6YD": {
    "name": "JEMPSONS JEMPSONS GARAGE",
    "allNames": [
      "JEMPSONS JEMPSONS GARAGE"
    ],
    "terminal": "Thames",
    "lat": 50.9765745,
    "lng": 0.6848443000000088
  },
  "TN24 8AH": {
    "name": "MFG EAST STOUR S STN",
    "allNames": [
      "MFG EAST STOUR S STN",
      "UK FUELS D EAST STOUR S STN"
    ],
    "terminal": "Thames",
    "lat": 51.1459785,
    "lng": 0.8864628000000039
  },
  "SS8 7RF": {
    "name": "MFG CANVEY ISLAND S STN",
    "allNames": [
      "MFG CANVEY ISLAND S STN"
    ],
    "terminal": "Thames",
    "lat": 51.5227715,
    "lng": 0.600588499999958
  },
  "SS4 1RF": {
    "name": "UK FUELS D STARTHILL S STN",
    "allNames": [
      "UK FUELS D STARTHILL S STN",
      "KEYFUELS D STARTHILL SS",
      "SIVABALAN STARTHILL S STN"
    ],
    "terminal": "Thames",
    "lat": 51.5885147,
    "lng": 0.6992844999999761
  },
  "SS17 0PF": {
    "name": "LEYTONSTONE STANFORD",
    "allNames": [
      "LEYTONSTONE STANFORD"
    ],
    "terminal": "Thames",
    "lat": 51.5173315,
    "lng": 0.42773399999998674
  },
  "SL6 1UB": {
    "name": "MFG FORLEASE ROAD S STN",
    "allNames": [
      "MFG FORLEASE ROAD S STN"
    ],
    "terminal": "Thames",
    "lat": 51.51903170000001,
    "lng": -0.7115810999999894
  },
  "SG17 5BE": {
    "name": "JOHN R FORD",
    "allNames": [
      "JOHN R FORD",
      "KEYFUELS D JOHN R FORD"
    ],
    "terminal": "Thames",
    "lat": 52.0374023,
    "lng": -0.3385892999999669
  },
  "SG11 1AZ": {
    "name": "H C MOTORS",
    "allNames": [
      "H C MOTORS"
    ],
    "terminal": "Thames",
    "lat": 51.84975619999999,
    "lng": -0.021917199999961667
  },
  "SE9 6SX": {
    "name": "MRH WELL HALL",
    "allNames": [
      "MRH WELL HALL",
      "KEYFUELS D MRH WELL HALL"
    ],
    "terminal": "Thames",
    "lat": 51.4585604,
    "lng": 0.049623500000052445
  },
  "SE24 0HJ": {
    "name": "HERNE HILL SERVICE STATION",
    "allNames": [
      "HERNE HILL SERVICE STATION"
    ],
    "terminal": "Thames",
    "lat": 51.4651054,
    "lng": -0.10251940000000559
  },
  "SE20 7AE": {
    "name": "NTRS LTD FIVE STAR SERVICE STATION",
    "allNames": [
      "NTRS LTD FIVE STAR SERVICE STATION"
    ],
    "terminal": "Thames",
    "lat": 51.4118611,
    "lng": -0.054868499999997766
  },
  "RM6 6AU": {
    "name": "MFG CHADWELL HEATH S STN",
    "allNames": [
      "MFG CHADWELL HEATH S STN"
    ],
    "terminal": "Thames",
    "lat": 51.5729554,
    "lng": 0.14578440000002502
  },
  "RM17 6EW": {
    "name": "MFG GRAYS S STN",
    "allNames": [
      "MFG GRAYS S STN"
    ],
    "terminal": "Thames",
    "lat": 51.47610359999999,
    "lng": 0.33670150000000376
  },
  "RH19 1ET": {
    "name": "MOTOR FUEL EAST GRINSTEAD S STN",
    "allNames": [
      "MOTOR FUEL EAST GRINSTEAD S STN"
    ],
    "terminal": "Thames",
    "lat": 51.1283256,
    "lng": -0.01332439999998769
  },
  "PO10 7JD": {
    "name": "KEYFUELS D EMSWORTH S STATION",
    "allNames": [
      "KEYFUELS D EMSWORTH S STATION",
      "UK FUELS D EMSWORTH S STATION",
      "EMSWORTH SERVICE STATION"
    ],
    "terminal": "Thames",
    "lat": 50.8479401,
    "lng": -0.9410130999999637
  },
  "NR7 9NQ": {
    "name": "THUNDER LANE GARAGE",
    "allNames": [
      "THUNDER LANE GARAGE",
      "KEYFUELS D THUNDER LN",
      "UK FUELS D THUNDER LN"
    ],
    "terminal": "Thames",
    "lat": 52.6415551,
    "lng": 1.34444069999995
  },
  "NR6 5NQ": {
    "name": "A & F ENGINEERING",
    "allNames": [
      "A & F ENGINEERING"
    ],
    "terminal": "Thames",
    "lat": 52.6658599,
    "lng": 1.2669925000000148
  },
  "NR32 4AA": {
    "name": "NPRT GUNTON GARAGE",
    "allNames": [
      "NPRT GUNTON GARAGE"
    ],
    "terminal": "Thames",
    "lat": 52.49945899999999,
    "lng": 1.7329737000000023
  },
  "NR30 1DA": {
    "name": "MFG NORTHGATE S STN",
    "allNames": [
      "MFG NORTHGATE S STN"
    ],
    "terminal": "Thames",
    "lat": 52.6147591,
    "lng": 1.7276977999999872
  },
  "NR29 4NL": {
    "name": "NANTHAKUMAR HEMSBY SERVICE STATION",
    "allNames": [
      "NANTHAKUMAR HEMSBY SERVICE STATION"
    ],
    "terminal": "Thames",
    "lat": 52.6898997,
    "lng": 1.6935868000000482
  },
  "NR12 8SL": {
    "name": "BROADLAND MOTOR CO",
    "allNames": [
      "BROADLAND MOTOR CO"
    ],
    "terminal": "Thames",
    "lat": 52.7018327,
    "lng": 1.3990344999999706
  },
  "NR12 7DH": {
    "name": "VAS INTERNATIONAL COLTISHALL F STN",
    "allNames": [
      "VAS INTERNATIONAL COLTISHALL F STN"
    ],
    "terminal": "Thames",
    "lat": 52.7281318,
    "lng": 1.3583122000000003
  },
  "NR1 1PN": {
    "name": "ENOCH CASTLE SERVICE STATION",
    "allNames": [
      "ENOCH CASTLE SERVICE STATION"
    ],
    "terminal": "Thames",
    "lat": 52.6285543,
    "lng": 1.3010432999999466
  },
  "N9 9HL": {
    "name": "VASEEHARAN GRAND PRIX S STN",
    "allNames": [
      "VASEEHARAN GRAND PRIX S STN"
    ],
    "terminal": "Thames",
    "lat": 51.62914180000001,
    "lng": -0.07624859999998534
  },
  "N9 7HL": {
    "name": "SHARMA HERTFORD ROAD GARAGE",
    "allNames": [
      "SHARMA HERTFORD ROAD GARAGE"
    ],
    "terminal": "Thames",
    "lat": 51.6279603,
    "lng": -0.05583939999996801
  },
  "ME3 8LL": {
    "name": "FOUR ELMS SOUTH SVC STN LTD",
    "allNames": [
      "FOUR ELMS SOUTH SVC STN LTD",
      "FOUR ELMS NORTH SVC STN LTD",
      "KEYFUELS D FOUR ELMS NORTH",
      "KEYFUELS D FOUR ELMS SOUTH",
      "UK FUELS D FOUR ELMS NORTH S STN",
      "UK FUELS D FOUR ELMS SOUTH S STN"
    ],
    "terminal": "Thames",
    "lat": 51.4178493,
    "lng": 0.5284195000000409
  },
  "ME19 5AL": {
    "name": "MRH OFFHAM",
    "allNames": [
      "MRH OFFHAM",
      "KEYFUELS D MRH OFFHAM"
    ],
    "terminal": "Thames",
    "lat": 51.3018231,
    "lng": 0.38219709999998486
  },
  "ME1 3RL": {
    "name": "FROST FROST S STN",
    "allNames": [
      "FROST FROST S STN",
      "KEYFUELS D FROSTS S STATION",
      "UK FUELS D FROSTS SS"
    ],
    "terminal": "Thames",
    "lat": 51.33389769999999,
    "lng": 0.4781987000000072
  },
  "LU4 9LQ": {
    "name": "KEYFUELS D MRH LEAGRAVE",
    "allNames": [
      "KEYFUELS D MRH LEAGRAVE",
      "MRH LEAGRAVE"
    ],
    "terminal": "Thames",
    "lat": 51.90158169999999,
    "lng": -0.4683783000000403
  },
  "KT9 1PL": {
    "name": "KEYFUELS D CHESSINGTON S/STN",
    "allNames": [
      "KEYFUELS D CHESSINGTON S/STN",
      "OPALRISE CHESSINGTON S STN"
    ],
    "terminal": "Thames",
    "lat": 51.3710601,
    "lng": -0.30611420000002454
  },
  "IP9 2JJ": {
    "name": "MFG CAPELGATE S STN",
    "allNames": [
      "MFG CAPELGATE S STN",
      "UK FUELS D CAPELGATE S STN"
    ],
    "terminal": "Thames",
    "lat": 52.00496099999999,
    "lng": 1.0578527000000122
  },
  "IP28 7AA": {
    "name": "KEYFUELS D ULTRATOP NORTH TERRACE",
    "allNames": [
      "KEYFUELS D ULTRATOP NORTH TERRACE",
      "SIVABALAN NORTH TERRACE GARAGE"
    ],
    "terminal": "Thames",
    "lat": 52.345474,
    "lng": 0.5110654000000068
  },
  "IP19 8BU": {
    "name": "AW & D HAMMOND LTD HAMMONDS",
    "allNames": [
      "AW & D HAMMOND LTD HAMMONDS"
    ],
    "terminal": "Thames",
    "lat": 52.3470203,
    "lng": 1.5042002999999795
  },
  "IP17 3PW": {
    "name": "SMITH & WESBY DARSHAM SERVICE STN",
    "allNames": [
      "SMITH & WESBY DARSHAM SERVICE STN"
    ],
    "terminal": "Thames",
    "lat": 52.27476069999999,
    "lng": 1.5270703999999569
  },
  "IP13 9EE": {
    "name": "POTTER POTTERS F STN",
    "allNames": [
      "POTTER POTTERS F STN"
    ],
    "terminal": "Thames",
    "lat": 52.216031,
    "lng": 1.3429148000000168
  },
  "IG8 8PN": {
    "name": "CLARKS GARAGE LTD",
    "allNames": [
      "CLARKS GARAGE LTD"
    ],
    "terminal": "Thames",
    "lat": 51.59921929999999,
    "lng": 0.04011070000001382
  },
  "IG6 3AD": {
    "name": "PATEL NEW NORTH ROAD S STN",
    "allNames": [
      "PATEL NEW NORTH ROAD S STN"
    ],
    "terminal": "Thames",
    "lat": 51.6045884,
    "lng": 0.09521410000002106
  },
  "IG3 9RY": {
    "name": "VADHER MAYFIELD S STN",
    "allNames": [
      "VADHER MAYFIELD S STN",
      "KEYFUELS D MAYFIELD SELF SERV"
    ],
    "terminal": "Thames",
    "lat": 51.562944,
    "lng": 0.11521560000005593
  },
  "EN8 7NJ": {
    "name": "KEYFUELS D WALTHAM CROSS",
    "allNames": [
      "KEYFUELS D WALTHAM CROSS",
      "WALTHAM CROSS SERVICE STATION"
    ],
    "terminal": "Thames",
    "lat": 51.6860338,
    "lng": -0.021409100000028047
  },
  "EN6 2QU": {
    "name": "MFG POTTERS BAR S STN",
    "allNames": [
      "MFG POTTERS BAR S STN"
    ],
    "terminal": "Thames",
    "lat": 51.6909992,
    "lng": -0.17826300000001538
  },
  "E5 8EQ": {
    "name": "RAVIKUMAR CLAPTON S STN",
    "allNames": [
      "RAVIKUMAR CLAPTON S STN"
    ],
    "terminal": "Thames",
    "lat": 51.5550174,
    "lng": -0.055013300000041454
  },
  "E17 6AA": {
    "name": "MFG HIGHAMS LODGE S STN",
    "allNames": [
      "MFG HIGHAMS LODGE S STN"
    ],
    "terminal": "Thames",
    "lat": 51.5915578,
    "lng": -0.03956449999998313
  },
  "E11 4PG": {
    "name": "KEYFUELS D LEYTONSTONE",
    "allNames": [
      "KEYFUELS D LEYTONSTONE",
      "LEYTONSTONE S STN"
    ],
    "terminal": "Thames",
    "lat": 51.55940289999999,
    "lng": 0.007093899999972564
  },
  "E11 1PP": {
    "name": "LEYTONSTONE GREENMAN S STN",
    "allNames": [
      "LEYTONSTONE GREENMAN S STN"
    ],
    "terminal": "Thames",
    "lat": 51.5738896,
    "lng": 0.017603099999973892
  },
  "E10 6QA": {
    "name": "MFG LEYCO S STN",
    "allNames": [
      "MFG LEYCO S STN"
    ],
    "terminal": "Thames",
    "lat": 51.565377,
    "lng": -0.010505899999998292
  },
  "CT5 4LX": {
    "name": "MFG CRUSADER S STN",
    "allNames": [
      "MFG CRUSADER S STN",
      "UK FUELS D CRUSADER S STN"
    ],
    "terminal": "Thames",
    "lat": 51.34977259999999,
    "lng": 1.0211730999999418
  },
  "CT4 6DN": {
    "name": "SIX MILE GARAGE LTD",
    "allNames": [
      "SIX MILE GARAGE LTD",
      "KEYFUELS D SIX MILE GARAGE"
    ],
    "terminal": "Thames",
    "lat": 51.1577835,
    "lng": 1.0516605000000254
  },
  "CT21 4ND": {
    "name": "ARUNTHAVARAJAH PALMARSH S STN",
    "allNames": [
      "ARUNTHAVARAJAH PALMARSH S STN",
      "KEYFUELS D PALMARSH"
    ],
    "terminal": "Thames",
    "lat": 51.05967099999999,
    "lng": 1.0463998000000174
  },
  "CT12 5JB": {
    "name": "ARUNTHAVARAJAH PEGWELL BAY S STN",
    "allNames": [
      "ARUNTHAVARAJAH PEGWELL BAY S STN",
      "KEYFUELS D PEGWELL"
    ],
    "terminal": "Thames",
    "lat": 51.3255193,
    "lng": 1.3648325999999997
  },
  "CO11 2EH": {
    "name": "COOKSON LAWFORD SERVICE STATION",
    "allNames": [
      "COOKSON LAWFORD SERVICE STATION"
    ],
    "terminal": "Thames",
    "lat": 51.93811669999999,
    "lng": 1.0451101999999537
  },
  "CB9 7DP": {
    "name": "WESTROPE MOTORS",
    "allNames": [
      "WESTROPE MOTORS"
    ],
    "terminal": "Thames",
    "lat": 52.0444012,
    "lng": 0.44624099999998634
  },
  "CB9 0EP": {
    "name": "KEYFUELS D NORTH STREET",
    "allNames": [
      "KEYFUELS D NORTH STREET",
      "UK FUELS D NORTH STREET GARAGES",
      "JRW NORTH STREET GARAGES"
    ],
    "terminal": "Thames",
    "lat": 52.07962759999999,
    "lng": 0.4487217999999302
  },
  "CB25 0AA": {
    "name": "CO OP NESS ROAD GARAGE",
    "allNames": [
      "CO OP NESS ROAD GARAGE"
    ],
    "terminal": "Thames",
    "lat": 52.2781327,
    "lng": 0.32936659999995754
  },
  "BN14 0AB": {
    "name": "LIBRA FINDON ROAD S STN",
    "allNames": [
      "LIBRA FINDON ROAD S STN"
    ],
    "terminal": "Thames",
    "lat": 50.8404065,
    "lng": -0.39319350000005215
  },
  "BH23 2LP": {
    "name": "MOTOR FUEL FAIRMILE S STN",
    "allNames": [
      "MOTOR FUEL FAIRMILE S STN"
    ],
    "terminal": "Thames",
    "lat": 50.747877,
    "lng": -1.7930910999999696
  },
  "TS9 5AG": {
    "name": "KEYFUELS D STOKESLEY",
    "allNames": [
      "KEYFUELS D STOKESLEY",
      "UK FUELS D STOKESLEY MOTORS",
      "STOKESLEY MOTORS"
    ],
    "terminal": "Teesside Vopak",
    "lat": 54.4696789,
    "lng": -1.1894675999999436
  },
  "TS21 2ES": {
    "name": "KSC BRADBURY S STN",
    "allNames": [
      "KSC BRADBURY S STN",
      "KEYFUELS C BRADBURY S STN",
      "UK FUELS C BRADBURY S STN",
      "MORGAN FUELS C BRADBURY S STN"
    ],
    "terminal": "Teesside Vopak",
    "lat": 54.6488646,
    "lng": -1.5027231000000256
  },
  "TS20 2PN": {
    "name": "MFG STOCKTON S STN",
    "allNames": [
      "MFG STOCKTON S STN"
    ],
    "terminal": "Teesside Vopak",
    "lat": 54.5824538,
    "lng": -1.310546400000021
  },
  "TS14 7DH": {
    "name": "ROADSIDE RECTORY LANE F STN",
    "allNames": [
      "ROADSIDE RECTORY LANE F STN"
    ],
    "terminal": "Teesside Vopak",
    "lat": 54.5303767,
    "lng": -1.0577201999999488
  },
  "SR6 7PQ": {
    "name": "MFG CLEADON S STN",
    "allNames": [
      "MFG CLEADON S STN"
    ],
    "terminal": "Teesside Vopak",
    "lat": 54.9556139,
    "lng": -1.4014119999999366
  },
  "SR5 1AP": {
    "name": "KSC MONKWEARMOUTH S STN",
    "allNames": [
      "KSC MONKWEARMOUTH S STN",
      "KEYFUELS C MONKWEARMOUTH S STN",
      "UK FUELS C MONKWEARMOUTH S STN"
    ],
    "terminal": "Teesside Vopak",
    "lat": 54.9128838,
    "lng": -1.3834833999999319
  },
  "SR3 3ND": {
    "name": "UK FUELS D FOXCOVER SS",
    "allNames": [
      "UK FUELS D FOXCOVER SS",
      "GRADEBROOK FOXCOVER FILLING STATION",
      "KEYFUELS D FOXCOVER F STN"
    ],
    "terminal": "Teesside Vopak",
    "lat": 54.8762664,
    "lng": -1.4358141999999816
  },
  "NE40 4TX": {
    "name": "ARMSTRONG WESTBURN S STN",
    "allNames": [
      "ARMSTRONG WESTBURN S STN"
    ],
    "terminal": "Teesside Vopak",
    "lat": 54.966688,
    "lng": -1.7882498999999825
  },
  "NE37 2TD": {
    "name": "G NICHOLSON ENG LTD",
    "allNames": [
      "G NICHOLSON ENG LTD",
      "KEYFUELS D G NICHOLSON ENG LTD"
    ],
    "terminal": "Teesside Vopak",
    "lat": 54.9126838,
    "lng": -1.5274460000000545
  },
  "NE34 8AQ": {
    "name": "KSC RIDGEWAY S STN",
    "allNames": [
      "KSC RIDGEWAY S STN",
      "KEYFUELS C RIDGEWAY S STN",
      "UK FUELS C RIDGEWAY S STN"
    ],
    "terminal": "Teesside Vopak",
    "lat": 54.96341820000001,
    "lng": -1.4133220999999594
  },
  "DL3 8DQ": {
    "name": "KSC CARMEL RD S STN",
    "allNames": [
      "KSC CARMEL RD S STN",
      "KEYFUELS C CARMEL ROAD S STN",
      "UK FUELS C CARMEL ROAD S STN"
    ],
    "terminal": "Teesside Vopak",
    "lat": 54.5163395,
    "lng": -1.577182099999959
  },
  "DL15 8ES": {
    "name": "KSC BRIDGE END GARAGE",
    "allNames": [
      "KSC BRIDGE END GARAGE",
      "KSC BRIDGE END GARAGE SPLIT",
      "KEYFUELS C BRIDGE END GARAGE",
      "UK FUELS C BRIDGE END GARAGE"
    ],
    "terminal": "Teesside Vopak",
    "lat": 54.6943565,
    "lng": -1.7471431999999822
  },
  "DL15 8EA": {
    "name": "KSC FIR TREE S STN",
    "allNames": [
      "KSC FIR TREE S STN",
      "KSC FIR TREE S STN SPLIT",
      "KEYFUELS C FIR TREE FILLING STN",
      "UK FUELS C FIR TREE FILLING STN"
    ],
    "terminal": "Teesside Vopak",
    "lat": 54.7024146,
    "lng": -1.782737099999963
  },
  "DL14 9PB": {
    "name": "UK FUELS D OAKLEYS SERVICE STATION",
    "allNames": [
      "UK FUELS D OAKLEYS SERVICE STATION",
      "KEYFUELS D OAKLEY SS",
      "OAKLEY SERVICE STATION LTD"
    ],
    "terminal": "Teesside Vopak",
    "lat": 54.6249926,
    "lng": -1.728367800000001
  },
  "DL14 8QE": {
    "name": "KSC PARK HEAD S STN",
    "allNames": [
      "KSC PARK HEAD S STN",
      "KEYFUELS C PARK HEAD S STN",
      "UK FUELS C PARK HEAD S STN"
    ],
    "terminal": "Teesside Vopak",
    "lat": 54.6654687,
    "lng": -1.6479600999999775
  },
  "DH7 6TJ": {
    "name": "KSC RED TILES S STN",
    "allNames": [
      "KSC RED TILES S STN",
      "KEYFUELS C RED TILES S STN",
      "UK FUELS C RED TILES S STN"
    ],
    "terminal": "Teesside Vopak",
    "lat": 54.80592739999999,
    "lng": -1.6567288999999619
  },
  "DH4 6RG": {
    "name": "KSC BELLS HILL S STN",
    "allNames": [
      "KSC BELLS HILL S STN",
      "KEYFUELS C BELLS HILL S STN",
      "UK FUELS C BELLS HILL S STN"
    ],
    "terminal": "Teesside Vopak",
    "lat": 54.8106887,
    "lng": -1.5029948000000104
  },
  "NE70 7JU": {
    "name": "UK FUELS D WJ DAVIDSON & SON",
    "allNames": [
      "UK FUELS D WJ DAVIDSON & SON"
    ],
    "terminal": "North Tees",
    "lat": 55.56430150000001,
    "lng": -1.7912030999999615
  },
  "DL15 5QL": {
    "name": "SIMPSON D TEESSIDE SPOT 15 DAYS",
    "allNames": [
      "SIMPSON D TEESSIDE SPOT 15 DAYS"
    ],
    "terminal": "North Tees",
    "lat": 54.71794389999999,
    "lng": -1.727203300000042
  },
  "CA3 0JR": {
    "name": "KEYFUELS D NIGHTOWL CARLISLE",
    "allNames": [
      "KEYFUELS D NIGHTOWL CARLISLE"
    ],
    "terminal": "North Tees",
    "lat": 54.9279198,
    "lng": -2.9492224000000533
  },
  "WV12 4JQ": {
    "name": "MFG LANE HEAD S STN",
    "allNames": [
      "MFG LANE HEAD S STN"
    ],
    "terminal": "Kingsbury",
    "lat": 52.6001054,
    "lng": -2.038713199999961
  },
  "WV11 2AT": {
    "name": "KEYFUELS D MOTO HILTON PARK NORTH",
    "allNames": [
      "KEYFUELS D MOTO HILTON PARK NORTH",
      "KEYFUELS D MOTO HILTON PARK SOUTH"
    ],
    "terminal": "Kingsbury",
    "lat": 52.64316770000001,
    "lng": -2.057372799999939
  },
  "WV10 ORE": {
    "name": "PETROGAS WOLVERHAMPTON S/STATION",
    "allNames": [
      "PETROGAS WOLVERHAMPTON S/STATION"
    ],
    "terminal": "Kingsbury",
    "lat": 52.6012141,
    "lng": -2.1068384999999807
  },
  "WV10 7LZ": {
    "name": "UK FUELS D M6 DIESEL LTD",
    "allNames": [
      "UK FUELS D M6 DIESEL LTD",
      "KEYFUELS D SAREDON F STN"
    ],
    "terminal": "Kingsbury",
    "lat": 52.6532697,
    "lng": -2.077386400000023
  },
  "WS4 1PQ": {
    "name": "KEYFUELS D SHELFIELD SS",
    "allNames": [
      "KEYFUELS D SHELFIELD SS",
      "UK FUELS D SHELFIELD SS",
      "LEYHURST SHELFIELD SERVICE STATION"
    ],
    "terminal": "Kingsbury",
    "lat": 52.6122583,
    "lng": -1.9568772999999737
  },
  "WS3 2TZ": {
    "name": "MFG BLOXWICH S STN",
    "allNames": [
      "MFG BLOXWICH S STN",
      "UK FUELS D BLOXWICH S STN"
    ],
    "terminal": "Kingsbury",
    "lat": 52.6256323,
    "lng": -2.0185116999999764
  },
  "WS2 9PB": {
    "name": "KEYFUELS D CH JONES",
    "allNames": [
      "KEYFUELS D CH JONES"
    ],
    "terminal": "Kingsbury",
    "lat": 52.5824556,
    "lng": -1.9914115999999922
  },
  "WS11 5RW": {
    "name": "ARAF STADIUM GARAGE",
    "allNames": [
      "ARAF STADIUM GARAGE"
    ],
    "terminal": "Kingsbury",
    "lat": 52.7084079,
    "lng": -2.0254592000000002
  },
  "WS10 7QD": {
    "name": "KEYFUELS D WEDNESBURY S STN",
    "allNames": [
      "KEYFUELS D WEDNESBURY S STN"
    ],
    "terminal": "Kingsbury",
    "lat": 52.5558953,
    "lng": -2.032980700000053
  },
  "WS10 0NP": {
    "name": "PETROGAS WEDNESBURY S/STATION",
    "allNames": [
      "PETROGAS WEDNESBURY S/STATION"
    ],
    "terminal": "Kingsbury",
    "lat": 52.544401,
    "lng": -2.0145694000000276
  },
  "WR8 0BZ": {
    "name": "KEYFUELS D STRENSHAM MOTORWAY SERVS",
    "allNames": [
      "KEYFUELS D STRENSHAM MOTORWAY SERVS"
    ],
    "terminal": "Kingsbury",
    "lat": 52.0647315,
    "lng": -2.1569409999999607
  },
  "WR11 7QP": {
    "name": "UK FUELS D VALE SERVICES",
    "allNames": [
      "UK FUELS D VALE SERVICES",
      "KEYFUELS D VALE SERVICES"
    ],
    "terminal": "Kingsbury",
    "lat": 52.0297009,
    "lng": -1.9987295999999333
  },
  "TF7 4QT": {
    "name": "KEYFUELS D GEORGE OAKLEY CO",
    "allNames": [
      "KEYFUELS D GEORGE OAKLEY CO"
    ],
    "terminal": "Kingsbury",
    "lat": 52.6447278,
    "lng": -2.4327716000000237
  },
  "TF7 4JG": {
    "name": "MFG TELFORD S STN",
    "allNames": [
      "MFG TELFORD S STN"
    ],
    "terminal": "Kingsbury",
    "lat": 52.6309997,
    "lng": -2.432975899999974
  },
  "ST6 6SH": {
    "name": "MFG STOKE ON TRENT S STN",
    "allNames": [
      "MFG STOKE ON TRENT S STN"
    ],
    "terminal": "Kingsbury",
    "lat": 53.0717898,
    "lng": -2.193896699999982
  },
  "ST5 2TL": {
    "name": "KEYFUELS D MRH HIGHERLAND",
    "allNames": [
      "KEYFUELS D MRH HIGHERLAND",
      "MRH HIGHERLAND"
    ],
    "terminal": "Kingsbury",
    "lat": 53.00833739999999,
    "lng": -2.2329713999999967
  },
  "ST3 4JP": {
    "name": "MARTIN MCCOLL SWIFT S STN",
    "allNames": [
      "MARTIN MCCOLL SWIFT S STN"
    ],
    "terminal": "Kingsbury",
    "lat": 52.978887,
    "lng": -2.1275332000000162
  },
  "ST14 5AA": {
    "name": "KEYFUELS D UTTOXETER SERVICES",
    "allNames": [
      "KEYFUELS D UTTOXETER SERVICES"
    ],
    "terminal": "Kingsbury",
    "lat": 52.9110911,
    "lng": -1.8647317999999586
  },
  "ST1 3EB": {
    "name": "KADREE LICHFIELD ST S STN",
    "allNames": [
      "KADREE LICHFIELD ST S STN"
    ],
    "terminal": "Kingsbury",
    "lat": 53.0207209,
    "lng": -2.1717234999999846
  },
  "RG17 7TJ": {
    "name": "FORD D KI",
    "allNames": [
      "FORD D KI"
    ],
    "terminal": "Kingsbury",
    "lat": 51.47731330000001,
    "lng": -1.5513204000000087
  },
  "OX25 5QQ": {
    "name": "PETROCELL HOPCROFTS HOLT S/STN",
    "allNames": [
      "PETROCELL HOPCROFTS HOLT S/STN"
    ],
    "terminal": "Kingsbury",
    "lat": 51.9239374,
    "lng": -1.324135100000035
  },
  "OX18 3QQ": {
    "name": "WATSON D KI BRIZE NORTON FORMULA",
    "allNames": [
      "WATSON D KI BRIZE NORTON FORMULA"
    ],
    "terminal": "Kingsbury",
    "lat": 51.75176930000001,
    "lng": -1.5595303999999715
  },
  "OX165AQ": {
    "name": "ANTELOPE GARAGE",
    "allNames": [
      "ANTELOPE GARAGE"
    ],
    "terminal": "Kingsbury",
    "lat": 52.0569757,
    "lng": -1.332120600000053
  },
  "OX12 0DH": {
    "name": "BELLINGER BELLINGERS S STN",
    "allNames": [
      "BELLINGER BELLINGERS S STN"
    ],
    "terminal": "Kingsbury",
    "lat": 51.61839699999999,
    "lng": -1.4088448999999628
  },
  "NN6 9BW": {
    "name": "WATSON D KI NORTHAMPTON FORMULA",
    "allNames": [
      "WATSON D KI NORTHAMPTON FORMULA"
    ],
    "terminal": "Kingsbury",
    "lat": 52.3409606,
    "lng": -0.9269577999999683
  },
  "NN4 8AG": {
    "name": "MFG FARCOTTON S STN",
    "allNames": [
      "MFG FARCOTTON S STN",
      "UK FUELS D FARCOTTON S STN"
    ],
    "terminal": "Kingsbury",
    "lat": 52.22686410000001,
    "lng": -0.8961678000000575
  },
  "NN4 0LY": {
    "name": "KEYFUELS D GRANGE FARM",
    "allNames": [
      "KEYFUELS D GRANGE FARM",
      "UK FUELS D GRANGE FARM SERV"
    ],
    "terminal": "Kingsbury",
    "lat": 52.1937106,
    "lng": -0.891853900000001
  },
  "NN18 8AA": {
    "name": "MFG CORBY S STN",
    "allNames": [
      "MFG CORBY S STN",
      "KEYFUELS D CORBY S STN"
    ],
    "terminal": "Kingsbury",
    "lat": 52.4859035,
    "lng": -0.666052499999978
  },
  "NN17 5XN": {
    "name": "MATALAN CORBY D KI",
    "allNames": [
      "MATALAN CORBY D KI"
    ],
    "terminal": "Kingsbury",
    "lat": 52.502432,
    "lng": -0.6655964999999924
  },
  "NN10 6DZ": {
    "name": "YOUNG & STEEL BRIDGE S STN",
    "allNames": [
      "YOUNG & STEEL BRIDGE S STN"
    ],
    "terminal": "Kingsbury",
    "lat": 52.2961459,
    "lng": -0.5992906999999832
  },
  "NG6 OJW": {
    "name": "MFG OLD BASFORD S STN",
    "allNames": [
      "MFG OLD BASFORD S STN"
    ],
    "terminal": "Kingsbury",
    "lat": 52.984612,
    "lng": -1.1846832999999606
  },
  "NG2 3HE": {
    "name": "MFG SPORTSMAN S STN",
    "allNames": [
      "MFG SPORTSMAN S STN"
    ],
    "terminal": "Kingsbury",
    "lat": 52.9418131,
    "lng": -1.1350715999999466
  },
  "NG12 3HQ": {
    "name": "COTGRAVE SERVICE STATION",
    "allNames": [
      "COTGRAVE SERVICE STATION"
    ],
    "terminal": "Kingsbury",
    "lat": 52.9140052,
    "lng": -1.0442855999999665
  },
  "NG11 6QT": {
    "name": "KEYFUELS D BROBOT BUNNY S STN",
    "allNames": [
      "KEYFUELS D BROBOT BUNNY S STN",
      "UK FUELS D BROBOT BUNNY",
      "BROBOT BUNNY S STN"
    ],
    "terminal": "Kingsbury",
    "lat": 52.8606719,
    "lng": -1.1336850999999797
  },
  "MK43 7TA": {
    "name": "BARTON D GRAYS OAKLEY",
    "allNames": [
      "BARTON D GRAYS OAKLEY"
    ],
    "terminal": "Grays",
    "lat": 52.17546919999999,
    "lng": -0.5197977999999921
  },
  "LE7 9HJ": {
    "name": "HOUGHTON GARAGE LTD",
    "allNames": [
      "HOUGHTON GARAGE LTD"
    ],
    "terminal": "Kingsbury",
    "lat": 52.6275104,
    "lng": -0.998872600000027
  },
  "LE65 2GL": {
    "name": "T YAQUB STATION ROAD",
    "allNames": [
      "T YAQUB STATION ROAD",
      "KEYFUELS D STATION RD SERVICE STATI",
      "UK FUELS D STATION RD S S"
    ],
    "terminal": "Kingsbury",
    "lat": 52.7449835,
    "lng": -1.4739220999999816
  },
  "LE18 3PW": {
    "name": "BROBOT WIGSTON",
    "allNames": [
      "BROBOT WIGSTON"
    ],
    "terminal": "Kingsbury",
    "lat": 52.5906168,
    "lng": -1.0952214999999796
  },
  "LE16 9HD": {
    "name": "THE PROTHEROE MOTOR GROUP LTD",
    "allNames": [
      "THE PROTHEROE MOTOR GROUP LTD"
    ],
    "terminal": "Kingsbury",
    "lat": 52.4727282,
    "lng": -0.9164539999999306
  },
  "LE16 7TH": {
    "name": "MRH A6 BYPASS",
    "allNames": [
      "MRH A6 BYPASS"
    ],
    "terminal": "Kingsbury",
    "lat": 52.5180787,
    "lng": -0.9396408999999721
  },
  "LE15 9DL": {
    "name": "KEYFUELS D ADAMS & SONS",
    "allNames": [
      "KEYFUELS D ADAMS & SONS",
      "ADAMS & SONS ADAMS GARAGE",
      "UK FUELS D ADAMS & SONS",
      "MORGAN FUELS ADAMS AND SONS D"
    ],
    "terminal": "IPC",
    "lat": 52.5930307,
    "lng": -0.6412182000000257
  },
  "LE10 3ED": {
    "name": "PETROGAS HINCKLEY A5 S/STATION",
    "allNames": [
      "PETROGAS HINCKLEY A5 S/STATION"
    ],
    "terminal": "Kingsbury",
    "lat": 52.53360079999999,
    "lng": -1.40986010000006
  },
  "LE10 0NB": {
    "name": "PETROGAS HINCKLEY S/STATION",
    "allNames": [
      "PETROGAS HINCKLEY S/STATION"
    ],
    "terminal": "Kingsbury",
    "lat": 52.5364225,
    "lng": -1.398912399999972
  },
  "LE1 3XP": {
    "name": "MFG FLYOVER S STN",
    "allNames": [
      "MFG FLYOVER S STN"
    ],
    "terminal": "Kingsbury",
    "lat": 52.64349060000001,
    "lng": -1.1280497999999852
  },
  "GL52 5JF": {
    "name": "MOTOR FUEL CHELTENHAM S STN",
    "allNames": [
      "MOTOR FUEL CHELTENHAM S STN"
    ],
    "terminal": "Kingsbury",
    "lat": 51.910933,
    "lng": -2.0465452999999343
  },
  "GL17 9DL": {
    "name": "SHARMA BRIERLEY SERVICE STATION",
    "allNames": [
      "SHARMA BRIERLEY SERVICE STATION",
      "KEYFUELS D BRIERLEY SERVICE STATION"
    ],
    "terminal": "Kingsbury",
    "lat": 51.8333016,
    "lng": -2.5506225000000313
  },
  "DY9 9HJ": {
    "name": "MFG PEDMORE S STN",
    "allNames": [
      "MFG PEDMORE S STN"
    ],
    "terminal": "Kingsbury",
    "lat": 52.4421191,
    "lng": -2.1171180999999706
  },
  "DY9 8EE": {
    "name": "LYE MILL SERVICE STATION",
    "allNames": [
      "LYE MILL SERVICE STATION"
    ],
    "terminal": "Kingsbury",
    "lat": 52.46120459999999,
    "lng": -2.117389600000024
  },
  "DY13 9QB": {
    "name": "HINGLEY D KI",
    "allNames": [
      "HINGLEY D KI",
      "HINGLEY D KI TRIGGER"
    ],
    "terminal": "Kingsbury",
    "lat": 52.32885899999999,
    "lng": -2.2676656999999523
  },
  "DE72 3AF": {
    "name": "BROBOT BREASTON S STN",
    "allNames": [
      "BROBOT BREASTON S STN"
    ],
    "terminal": "Kingsbury",
    "lat": 52.8984732,
    "lng": -1.3046924000000217
  },
  "DE7 5FH": {
    "name": "PETROGAS ILKESTON S/STATION",
    "allNames": [
      "PETROGAS ILKESTON S/STATION"
    ],
    "terminal": "Kingsbury",
    "lat": 52.9669597,
    "lng": -1.3101606000000174
  },
  "DE65 6GY": {
    "name": "KEYFUELS D A38 NORTH BROBOT",
    "allNames": [
      "KEYFUELS D A38 NORTH BROBOT",
      "BROBOT A38 NORTHBOUND"
    ],
    "terminal": "Kingsbury",
    "lat": 52.8543493,
    "lng": -1.5822135999999318
  },
  "DE56 0NH": {
    "name": "QUADAMILL LOWER KILBURN GARAGE",
    "allNames": [
      "QUADAMILL LOWER KILBURN GARAGE"
    ],
    "terminal": "Kingsbury",
    "lat": 52.9998336,
    "lng": -1.4440250999999762
  },
  "DE21 4BD": {
    "name": "MFG DERBY S STN",
    "allNames": [
      "MFG DERBY S STN"
    ],
    "terminal": "Kingsbury",
    "lat": 52.93339539999999,
    "lng": -1.4680261999999402
  },
  "DE15 9SQ": {
    "name": "MFG BURTON ON TRENT S STN",
    "allNames": [
      "MFG BURTON ON TRENT S STN"
    ],
    "terminal": "Kingsbury",
    "lat": 52.7834644,
    "lng": -1.6132717000000412
  },
  "DE13 9PD": {
    "name": "KEYFUELS D NEEDWOOD",
    "allNames": [
      "KEYFUELS D NEEDWOOD",
      "MACKAY NEEDWOOD S STN"
    ],
    "terminal": "Kingsbury",
    "lat": 52.8177331,
    "lng": -1.7600869999999986
  },
  "DE13 7AB": {
    "name": "KEYFUELS D JT LEAVESLEY",
    "allNames": [
      "KEYFUELS D JT LEAVESLEY",
      "UK FUELS D JT LEAVESLEY LTD"
    ],
    "terminal": "Kingsbury",
    "lat": 52.7248635,
    "lng": -1.747700000000009
  },
  "CV8 1FB": {
    "name": "KEYFUELS D MALTHURST WARWICK RD",
    "allNames": [
      "KEYFUELS D MALTHURST WARWICK RD",
      "MRH WARWICK ROAD F STN"
    ],
    "terminal": "Kingsbury",
    "lat": 52.3339655,
    "lng": -1.57282239999995
  },
  "B92 0LS": {
    "name": "KEYFUELS D LINCOLN FARM CAFE",
    "allNames": [
      "KEYFUELS D LINCOLN FARM CAFE"
    ],
    "terminal": "Kingsbury",
    "lat": 52.4200483,
    "lng": -1.678582199999937
  },
  "B80 7DF": {
    "name": "WAZIR DOGHILL FILLING STATION",
    "allNames": [
      "WAZIR DOGHILL FILLING STATION",
      "UK FUELS D DOGHILL SS",
      "KEYFUELS D DOGHILL SS"
    ],
    "terminal": "Kingsbury",
    "lat": 52.2948953,
    "lng": -1.8809238999999707
  },
  "B78 3SB": {
    "name": "AKSHAR CORPORATION LTD",
    "allNames": [
      "AKSHAR CORPORATION LTD"
    ],
    "terminal": "Kingsbury",
    "lat": -30.4366525,
    "lng": 152.32160569999996
  },
  "B75 7ET": {
    "name": "SANGHERA WHYNOT FILLING STATION",
    "allNames": [
      "SANGHERA WHYNOT FILLING STATION",
      "KEYFUELS D WHYNOT S STN",
      "UK FUELS D WHYNOT SERVICE STATION"
    ],
    "terminal": "Kingsbury",
    "lat": 52.5598361,
    "lng": -1.7875300000000607
  },
  "B66 4RD": {
    "name": "CHANCO SHIRELAND S STN",
    "allNames": [
      "CHANCO SHIRELAND S STN"
    ],
    "terminal": "Kingsbury",
    "lat": 52.4830839,
    "lng": -1.9592559000000165
  },
  "B66 4AU": {
    "name": "MOTOR FUEL HAGLEY RD S STN",
    "allNames": [
      "MOTOR FUEL HAGLEY RD S STN"
    ],
    "terminal": "Kingsbury",
    "lat": 52.4730085,
    "lng": -1.9669794000000138
  },
  "B61 7ER": {
    "name": "KEYFUELS D SWAN SERVICE CENTRE",
    "allNames": [
      "KEYFUELS D SWAN SERVICE CENTRE",
      "UK FUELS D SWAN S STN"
    ],
    "terminal": "Kingsbury",
    "lat": 52.3033446,
    "lng": -2.1008094999999685
  },
  "B45 9RQ": {
    "name": "MFG RUBERY S STN",
    "allNames": [
      "MFG RUBERY S STN"
    ],
    "terminal": "Kingsbury",
    "lat": 52.39562609999999,
    "lng": -2.0134467000000313
  },
  "B33 9AL": {
    "name": "MFG STECHFORD S STN",
    "allNames": [
      "MFG STECHFORD S STN"
    ],
    "terminal": "Kingsbury",
    "lat": 52.4884938,
    "lng": -1.8096104999999625
  },
  "B32 4AR": {
    "name": "KEYFUELS D MOTO FRANKLEY SOUTH",
    "allNames": [
      "KEYFUELS D MOTO FRANKLEY SOUTH",
      "KEYFUELS D MOTO FRANKLEY NORTH"
    ],
    "terminal": "Kingsbury",
    "lat": 52.428772,
    "lng": -2.0171483999999964
  },
  "B18 5AU": {
    "name": "KEYFUELS D MRH KEYHILL",
    "allNames": [
      "KEYFUELS D MRH KEYHILL",
      "MRH KEYHILL"
    ],
    "terminal": "Kingsbury",
    "lat": 52.4928691,
    "lng": -1.9158571000000393
  },
  "B10 0AE": {
    "name": "PETROGAS SMALL HEATH S/STATION",
    "allNames": [
      "PETROGAS SMALL HEATH S/STATION"
    ],
    "terminal": "Kingsbury",
    "lat": 52.4661835,
    "lng": -1.8638449999999693
  },
  "YO8 8NA": {
    "name": "NJB SERVICES ABBEYSIDE F STN",
    "allNames": [
      "NJB SERVICES ABBEYSIDE F STN",
      "KEYFUELS D ABBEYSIDE F STN"
    ],
    "terminal": "IPC",
    "lat": 53.7742876,
    "lng": -1.0647033000000192
  },
  "YO42 4HS": {
    "name": "UK FUELS D YORK RD GARAGE",
    "allNames": [
      "UK FUELS D YORK RD GARAGE",
      "ROBINSON YORK ROAD GARAGE",
      "KEYFUELS D YORK RD GARAGE"
    ],
    "terminal": "IPC",
    "lat": 53.9326805,
    "lng": -0.8365330000000313
  },
  "YO41 1JE": {
    "name": "RECTORY SPARROW PRO",
    "allNames": [
      "RECTORY SPARROW PRO"
    ],
    "terminal": "IPC",
    "lat": 54.03438329999999,
    "lng": -0.8543999999999414
  },
  "YO25 6RX": {
    "name": "ARMSTRONG MASSEY LTD",
    "allNames": [
      "ARMSTRONG MASSEY LTD"
    ],
    "terminal": "IPC",
    "lat": 53.9988111,
    "lng": -0.4401219000000083
  },
  "YO14 9QR": {
    "name": "KEYFUELS D PRIMROSE VALLEY",
    "allNames": [
      "KEYFUELS D PRIMROSE VALLEY",
      "UK FUELS D PRIMROSE VALLEY S STN",
      "RICHARDSON PRIMROSE VALLEY",
      "RICHARDSON PRIMROSE VALLEY SPLIT"
    ],
    "terminal": "IPC",
    "lat": 54.1872572,
    "lng": -0.2898910999999771
  },
  "YO11 3NX": {
    "name": "UK FUELS D FILEY S STN",
    "allNames": [
      "UK FUELS D FILEY S STN"
    ],
    "terminal": "Coryton",
    "lat": 54.2309138,
    "lng": -0.34519079999995483
  },
  "Y041 1JE": {
    "name": "RECTORY SPARROW BUT",
    "allNames": [
      "RECTORY SPARROW BUT"
    ],
    "terminal": "IPC",
    "lat": 48.6634265,
    "lng": 35.29503
  },
  "WS10 0AW": {
    "name": "LISTER WEDNESBURY PRO",
    "allNames": [
      "LISTER WEDNESBURY PRO"
    ],
    "terminal": "IPC",
    "lat": 52.5459735,
    "lng": -2.019613100000015
  },
  "WR9 0NR": {
    "name": "HINGLEY DROITWICH PRO",
    "allNames": [
      "HINGLEY DROITWICH PRO"
    ],
    "terminal": "IPC",
    "lat": 52.3355459,
    "lng": -2.184081600000013
  },
  "WR8 9DF": {
    "name": "COUNTRYWIDE D PROP IM",
    "allNames": [
      "COUNTRYWIDE D PROP IM",
      "COUNTRYWIDE D BUT IM"
    ],
    "terminal": "IPC",
    "lat": 52.0843111,
    "lng": -2.171151000000009
  },
  "WF9 2JH": {
    "name": "KEYFUELS D GRADE F STN",
    "allNames": [
      "KEYFUELS D GRADE F STN",
      "BOROUGH PARK GRADE F STN"
    ],
    "terminal": "IPC",
    "lat": 53.5895851,
    "lng": -1.283870400000069
  },
  "WF6 2HL": {
    "name": "SK FUEL PROSPECT GARAGE",
    "allNames": [
      "SK FUEL PROSPECT GARAGE"
    ],
    "terminal": "IPC",
    "lat": 53.7045963,
    "lng": -1.4046676000000389
  },
  "WF5 9AD": {
    "name": "KEYFUELS D OSSETT SS",
    "allNames": [
      "KEYFUELS D OSSETT SS",
      "PINDERCO OSSETT S/STN"
    ],
    "terminal": "IPC",
    "lat": 53.68037080000001,
    "lng": -1.545792600000027
  },
  "WF4 5QA": {
    "name": "SK FUEL VIADUCT F STN",
    "allNames": [
      "SK FUEL VIADUCT F STN"
    ],
    "terminal": "IPC",
    "lat": 53.6560011,
    "lng": -1.5795541999999614
  },
  "WF4 5PT": {
    "name": "SK FUEL HORBURY BRIDGE AUTOPOINT",
    "allNames": [
      "SK FUEL HORBURY BRIDGE AUTOPOINT"
    ],
    "terminal": "IPC",
    "lat": 53.6566637,
    "lng": -1.5788364000000001
  },
  "WF12 7QW": {
    "name": "CUNDALL CHIDSWELL S STN",
    "allNames": [
      "CUNDALL CHIDSWELL S STN"
    ],
    "terminal": "IPC",
    "lat": 53.7071374,
    "lng": -1.5986176000000114
  },
  "WF10 5QH": {
    "name": "KEYFUELS D EXELBY SERVICES",
    "allNames": [
      "KEYFUELS D EXELBY SERVICES",
      "UK FUELS D EXELBY"
    ],
    "terminal": "IPC",
    "lat": 53.7135301,
    "lng": -1.397374799999966
  },
  "WF10 4RS": {
    "name": "KEYFUELS D GLASS HOUGHTON SSTN",
    "allNames": [
      "KEYFUELS D GLASS HOUGHTON SSTN"
    ],
    "terminal": "IPC",
    "lat": 53.7138323,
    "lng": -1.3338846999999987
  },
  "WF1 3NS": {
    "name": "MFG JACOBS WELL S STN",
    "allNames": [
      "MFG JACOBS WELL S STN"
    ],
    "terminal": "IPC",
    "lat": 53.6865953,
    "lng": -1.4910485000000335
  },
  "SK15 1PT": {
    "name": "CHESH WORK STALYBRIDGE BUT",
    "allNames": [
      "CHESH WORK STALYBRIDGE BUT",
      "CHESH WORK STALYBRIDGE PRO"
    ],
    "terminal": "IPC",
    "lat": 53.47981129999999,
    "lng": -2.067450699999995
  },
  "S80 1UE": {
    "name": "PRABAKARAN GATEFORD SERVICE STN",
    "allNames": [
      "PRABAKARAN GATEFORD SERVICE STN"
    ],
    "terminal": "IPC",
    "lat": 53.31167319999999,
    "lng": -1.126039799999944
  },
  "S75 6JX": {
    "name": "SK FUEL TURNPIKE",
    "allNames": [
      "SK FUEL TURNPIKE"
    ],
    "terminal": "IPC",
    "lat": 53.5912544,
    "lng": -1.4969380999999657
  },
  "S75 2DZ": {
    "name": "INTAKE INTAKE 1.",
    "allNames": [
      "INTAKE INTAKE 1."
    ],
    "terminal": "IPC",
    "lat": 53.5556306,
    "lng": -1.5048930000000382
  },
  "S74 0PY": {
    "name": "SK FUEL CROSS KEYS",
    "allNames": [
      "SK FUEL CROSS KEYS"
    ],
    "terminal": "IPC",
    "lat": 53.4990736,
    "lng": -1.4689045000000078
  },
  "S74 0ET": {
    "name": "BROBOT HOYLAND",
    "allNames": [
      "BROBOT HOYLAND"
    ],
    "terminal": "IPC",
    "lat": 53.50287969999999,
    "lng": -1.4402119000000084
  },
  "S71 4NJ": {
    "name": "BROBOT ROYSTON",
    "allNames": [
      "BROBOT ROYSTON"
    ],
    "terminal": "IPC",
    "lat": 53.5953806,
    "lng": -1.4500504999999748
  },
  "S71 2PA": {
    "name": "INTAKE INTAKE 5",
    "allNames": [
      "INTAKE INTAKE 5"
    ],
    "terminal": "IPC",
    "lat": 53.5674308,
    "lng": -1.447045800000069
  },
  "S71 2DD": {
    "name": "INTAKE INTAKE 2",
    "allNames": [
      "INTAKE INTAKE 2"
    ],
    "terminal": "IPC",
    "lat": 53.56445189999999,
    "lng": -1.460008700000003
  },
  "S70 1YB": {
    "name": "INTAKE INTAKE 3",
    "allNames": [
      "INTAKE INTAKE 3"
    ],
    "terminal": "IPC",
    "lat": 53.5464853,
    "lng": -1.47443880000003
  },
  "S64 9HD": {
    "name": "INTAKE INTAKE 7",
    "allNames": [
      "INTAKE INTAKE 7"
    ],
    "terminal": "IPC",
    "lat": 53.497007,
    "lng": -1.307424200000014
  },
  "S64 8AP": {
    "name": "MFG SWINTON S STN",
    "allNames": [
      "MFG SWINTON S STN",
      "UK FUELS D SWINTON S STN"
    ],
    "terminal": "IPC",
    "lat": 53.4879761,
    "lng": -1.3032458000000133
  },
  "S64 0HL": {
    "name": "INTAKE INTAKE 4",
    "allNames": [
      "INTAKE INTAKE 4"
    ],
    "terminal": "IPC",
    "lat": 53.4942039,
    "lng": -1.26987680000002
  },
  "S63 6DQ": {
    "name": "INTAKE INTAKE 6",
    "allNames": [
      "INTAKE INTAKE 6"
    ],
    "terminal": "IPC",
    "lat": 53.50827409999999,
    "lng": -1.3598339000000124
  },
  "S61 2DX": {
    "name": "HUSSAIN MEADOWBANK FSTN",
    "allNames": [
      "HUSSAIN MEADOWBANK FSTN",
      "KEYFUELS D MEADOWBANK SS",
      "UK FUELS D MEADOW BANK S STN"
    ],
    "terminal": "IPC",
    "lat": 53.4234415,
    "lng": -1.4072615000000042
  },
  "S60 4HQ": {
    "name": "COX SITWELL F STN",
    "allNames": [
      "COX SITWELL F STN"
    ],
    "terminal": "IPC",
    "lat": 53.4040142,
    "lng": -1.3285940000000664
  },
  "S60 2PE": {
    "name": "MFG JOLLY MILLER S STN",
    "allNames": [
      "MFG JOLLY MILLER S STN"
    ],
    "terminal": "IPC",
    "lat": 53.4274802,
    "lng": -1.3507237999999688
  },
  "S60 1HT": {
    "name": "MFG MASBROUGH S STN",
    "allNames": [
      "MFG MASBROUGH S STN"
    ],
    "terminal": "IPC",
    "lat": 53.4296994,
    "lng": -1.370692100000042
  },
  "S6 2BY": {
    "name": "BROBOT HILLSBOROUGH",
    "allNames": [
      "BROBOT HILLSBOROUGH"
    ],
    "terminal": "IPC",
    "lat": 53.4031019,
    "lng": -1.5000465000000531
  },
  "S43 3YN": {
    "name": "FLOGAS STAVELEY PRO",
    "allNames": [
      "FLOGAS STAVELEY PRO"
    ],
    "terminal": "IPC",
    "lat": 53.2761917,
    "lng": -1.351068199999986
  },
  "S4 8GF": {
    "name": "HUSSAIN OWLER LN FSTN",
    "allNames": [
      "HUSSAIN OWLER LN FSTN",
      "KEYFUELS D OWLER SS",
      "UK FUELS D OWLER LANE S STN"
    ],
    "terminal": "IPC",
    "lat": 53.4072609,
    "lng": -1.4406249999999545
  },
  "S36 8AF": {
    "name": "AA A AB ZA BHAM PARTNERS",
    "allNames": [
      "AA A AB ZA BHAM PARTNERS"
    ],
    "terminal": "IPC",
    "lat": 53.5297686,
    "lng": -1.6346018000000413
  },
  "S36 4HG": {
    "name": "WAVIN HAZLEHEAD BUT",
    "allNames": [
      "WAVIN HAZLEHEAD BUT"
    ],
    "terminal": "IPC",
    "lat": 53.5382267,
    "lng": -1.7287570999999389
  },
  "S35 4JB": {
    "name": "KEYFUELS D MALTHURST CROWN",
    "allNames": [
      "KEYFUELS D MALTHURST CROWN",
      "MRH CROWN F STN"
    ],
    "terminal": "IPC",
    "lat": 53.4682414,
    "lng": -1.5084858999999824
  },
  "S25 3QY": {
    "name": "BROBOT DINNINGTON",
    "allNames": [
      "BROBOT DINNINGTON"
    ],
    "terminal": "IPC",
    "lat": 53.3752359,
    "lng": -1.2183855000000676
  },
  "S18 8YN": {
    "name": "INTAKE INTAKE 9",
    "allNames": [
      "INTAKE INTAKE 9"
    ],
    "terminal": "IPC",
    "lat": 53.3053234,
    "lng": -1.4917196000000104
  },
  "S13 9WF": {
    "name": "BROBOT WOODHOUSE",
    "allNames": [
      "BROBOT WOODHOUSE"
    ],
    "terminal": "IPC",
    "lat": 53.3660614,
    "lng": -1.3559255999999777
  },
  "PR2 5NQ": {
    "name": "PREMIER LPG D IM",
    "allNames": [
      "PREMIER LPG D IM"
    ],
    "terminal": "IPC",
    "lat": 53.7821511,
    "lng": -2.644312099999979
  },
  "PE9 4RN": {
    "name": "UK FUELS D TALLINGTON",
    "allNames": [
      "UK FUELS D TALLINGTON",
      "KEYFUELS D TALLINGTON",
      "VASEEHARAN TALLINGTON S STN ."
    ],
    "terminal": "IPC",
    "lat": 52.6642701,
    "lng": -0.380705799999987
  },
  "PE4 6LQ": {
    "name": "KEYFUELS D WOODRANGE",
    "allNames": [
      "KEYFUELS D WOODRANGE",
      "UK FUELS D WOODRANGE SS",
      "WOODGRANGE SERVICE STATION LTD"
    ],
    "terminal": "IPC",
    "lat": 52.6114257,
    "lng": -0.27640229999997246
  },
  "PE38 9QY": {
    "name": "KEYFUELS D BROOMHILL F STN",
    "allNames": [
      "KEYFUELS D BROOMHILL F STN",
      "UK FUELS D BROOMHILL FS",
      "DOWNHAM BROOMHILL S STN"
    ],
    "terminal": "IPC",
    "lat": 52.6113221,
    "lng": 0.38968959999999697
  },
  "PE30 4PR": {
    "name": "MRH GAYWOOD",
    "allNames": [
      "MRH GAYWOOD",
      "KEYFUELS D MRH GAYWOOD"
    ],
    "terminal": "IPC",
    "lat": 52.757413,
    "lng": 0.4188302999999678
  },
  "PE22 9PJ": {
    "name": "FOLD HILL OLD LEAKE PRO",
    "allNames": [
      "FOLD HILL OLD LEAKE PRO"
    ],
    "terminal": "IPC",
    "lat": 53.0450787,
    "lng": 0.09572339999999713
  },
  "PE22 0PH": {
    "name": "JJ FUELS D IM",
    "allNames": [
      "JJ FUELS D IM"
    ],
    "terminal": "IPC",
    "lat": 52.9941937,
    "lng": 0.02817070000003241
  },
  "PE20 3QF": {
    "name": "KEYFUELS D FOUR WINDS",
    "allNames": [
      "KEYFUELS D FOUR WINDS",
      "UK FUELS D FOUR WINDS",
      "HECKINGTON FOUR WINDS"
    ],
    "terminal": "IPC",
    "lat": 52.98295479999999,
    "lng": -0.22227910000003703
  },
  "PE13 2TZ": {
    "name": "CPS D IM",
    "allNames": [
      "CPS D IM"
    ],
    "terminal": "IPC",
    "lat": 52.6533913,
    "lng": 0.15303779999999279
  },
  "PE13 2RD": {
    "name": "WATSON D IM WISBECH FORM",
    "allNames": [
      "WATSON D IM WISBECH FORM"
    ],
    "terminal": "IPC",
    "lat": 52.65293339999999,
    "lng": 0.1599198000000115
  },
  "PE1 5YD": {
    "name": "FLOGAS PETERBOROUGH PRO",
    "allNames": [
      "FLOGAS PETERBOROUGH PRO"
    ],
    "terminal": "IPC",
    "lat": 52.5812075,
    "lng": -0.20737550000001193
  },
  "NG33 5JL": {
    "name": "SPRING LANE JUBILEE S STN",
    "allNames": [
      "SPRING LANE JUBILEE S STN"
    ],
    "terminal": "IPC",
    "lat": 52.8046405,
    "lng": -0.6106139999999414
  },
  "NG31 8BZ": {
    "name": "KEYFUELS D BROBOT GRANTHAM",
    "allNames": [
      "KEYFUELS D BROBOT GRANTHAM",
      "BROBOT GRANTHAM S STN",
      "UK FUELS D BROBOT GRANTHAM"
    ],
    "terminal": "IPC",
    "lat": 52.9170904,
    "lng": -0.640303700000004
  },
  "NG24 4SE": {
    "name": "BLAKEMORE NEWARK",
    "allNames": [
      "BLAKEMORE NEWARK"
    ],
    "terminal": "IPC",
    "lat": 53.0681439,
    "lng": -0.8285005000000183
  },
  "NG24 4EQ": {
    "name": "KEYFUELS D BROBOT NEWARK",
    "allNames": [
      "KEYFUELS D BROBOT NEWARK",
      "BROBOT NEWARK"
    ],
    "terminal": "IPC",
    "lat": 53.0596575,
    "lng": -0.804079799999954
  },
  "NG24 2DF": {
    "name": "MFG INTERCHANGE S STN",
    "allNames": [
      "MFG INTERCHANGE S STN",
      "KEYFUELS D INTERCHANGE S STN"
    ],
    "terminal": "IPC",
    "lat": 53.0902855,
    "lng": -0.7907771999999795
  },
  "NG21 0JX": {
    "name": "KEYFUELS D BROBOT MANSFIELD",
    "allNames": [
      "KEYFUELS D BROBOT MANSFIELD",
      "BROBOT RAINWORTH"
    ],
    "terminal": "IPC",
    "lat": 53.1194249,
    "lng": -1.1081572000000506
  },
  "NG17 3DT": {
    "name": "BROBOT SKEGBY",
    "allNames": [
      "BROBOT SKEGBY"
    ],
    "terminal": "IPC",
    "lat": 53.1405897,
    "lng": -1.2524442999999792
  },
  "NG14 6NW": {
    "name": "KEYFUELS D BROBOT CALVERTON",
    "allNames": [
      "KEYFUELS D BROBOT CALVERTON",
      "BROBOT CALVERTON S STN"
    ],
    "terminal": "IPC",
    "lat": 53.0574135,
    "lng": -1.1113626999999724
  },
  "NG13 8LA": {
    "name": "KEYFUELS D PYLON S STN",
    "allNames": [
      "KEYFUELS D PYLON S STN",
      "BROBOT EAST BRIDGFORD"
    ],
    "terminal": "IPC",
    "lat": 52.973836,
    "lng": -0.9520657000000483
  },
  "M17 1SE": {
    "name": "EQUALRESPONSE D PRO",
    "allNames": [
      "EQUALRESPONSE D PRO"
    ],
    "terminal": "IPC",
    "lat": 53.4757487,
    "lng": -2.3438552000000072
  },
  "LS7 2JD": {
    "name": "KEYFUELS D MALTHURST PHOENIX",
    "allNames": [
      "KEYFUELS D MALTHURST PHOENIX",
      "MRH PHOENIX F STN"
    ],
    "terminal": "IPC",
    "lat": 53.8158715,
    "lng": -1.5470938999999362
  },
  "LS28 9AY": {
    "name": "PATEL WHARRELS S STN",
    "allNames": [
      "PATEL WHARRELS S STN",
      "UK FUELS D WHARRELS SERVICE STATION"
    ],
    "terminal": "Bramhall",
    "lat": 53.7978336,
    "lng": -1.6556408999999803
  },
  "LS28 6HQ": {
    "name": "MFG EUROPA S STN",
    "allNames": [
      "MFG EUROPA S STN",
      "UK FUELS D EUROPA S STN"
    ],
    "terminal": "IPC",
    "lat": 53.80741099999999,
    "lng": -1.6606343999999353
  },
  "LS22 5HF": {
    "name": "KEYFUELS D MOTO WETHERBY",
    "allNames": [
      "KEYFUELS D MOTO WETHERBY"
    ],
    "terminal": "IPC",
    "lat": 53.9419402,
    "lng": -1.3721060999999963
  },
  "LS10 1JU": {
    "name": "MFG APOLLO S STN",
    "allNames": [
      "MFG APOLLO S STN",
      "UK FUELS D APOLLO S STN"
    ],
    "terminal": "IPC",
    "lat": 30.2721504,
    "lng": -93.31182810000001
  },
  "LN6 9NP": {
    "name": "VASEEHARAN NESHAHRAN RAMPER S STN",
    "allNames": [
      "VASEEHARAN NESHAHRAN RAMPER S STN"
    ],
    "terminal": "IPC",
    "lat": 53.1793795,
    "lng": -0.6163570999999592
  },
  "LN5 9NJ": {
    "name": "BROBOT WADDINGTON S STN",
    "allNames": [
      "BROBOT WADDINGTON S STN"
    ],
    "terminal": "IPC",
    "lat": 53.1684438,
    "lng": -0.5318859000000202
  },
  "LN2 4RA": {
    "name": "GRADEBROOK WRAGBY ROAD F/STATION",
    "allNames": [
      "GRADEBROOK WRAGBY ROAD F/STATION"
    ],
    "terminal": "IPC",
    "lat": 53.2520558,
    "lng": -0.4815690000000359
  },
  "LN2 4QY": {
    "name": "UK FUELS D WRAGBY ROAD SS",
    "allNames": [
      "UK FUELS D WRAGBY ROAD SS",
      "KEYFUELS D WRAGBY RD S STN"
    ],
    "terminal": "IPC",
    "lat": 53.2511096,
    "lng": -0.48280160000001615
  },
  "LN12 1PX": {
    "name": "KRISH EMPIRE GARAGE D IM",
    "allNames": [
      "KRISH EMPIRE GARAGE D IM"
    ],
    "terminal": "IPC",
    "lat": 53.33719780000001,
    "lng": 0.24269870000000537
  },
  "LN11 0WB": {
    "name": "WATSON D IM LOUTH FORMULA",
    "allNames": [
      "WATSON D IM LOUTH FORMULA"
    ],
    "terminal": "IPC",
    "lat": 53.3843394,
    "lng": -0.008411099999989347
  },
  "LE15 9RN": {
    "name": "CENTRAL GARAGE SYCAMORES S STN",
    "allNames": [
      "CENTRAL GARAGE SYCAMORES S STN"
    ],
    "terminal": "IPC",
    "lat": 52.5893857,
    "lng": -0.7224615000000085
  },
  "LA6 2NE": {
    "name": "BDS FUELS PRO",
    "allNames": [
      "BDS FUELS PRO"
    ],
    "terminal": "IPC",
    "lat": 54.2921394,
    "lng": -2.5722385999999915
  },
  "HX2 7NB": {
    "name": "CJ STERN COTE HILL S STN",
    "allNames": [
      "CJ STERN COTE HILL S STN"
    ],
    "terminal": "IPC",
    "lat": 53.7195639,
    "lng": -1.9051469999999426
  },
  "HU7 0EG": {
    "name": "MFG STONEFERRY NORTH S STN",
    "allNames": [
      "MFG STONEFERRY NORTH S STN",
      "UK FUELS D STONEFERRY NORTH S STN"
    ],
    "terminal": "IPC",
    "lat": 53.7691471,
    "lng": -0.3281431999999995
  },
  "HU7 0AG": {
    "name": "SK FUELS SUTTON ROAD",
    "allNames": [
      "SK FUELS SUTTON ROAD"
    ],
    "terminal": "IPC",
    "lat": 53.7787412,
    "lng": -0.33415130000003046
  },
  "HU5 3QA": {
    "name": "MFG PRINCES AVENUE S STN",
    "allNames": [
      "MFG PRINCES AVENUE S STN"
    ],
    "terminal": "IPC",
    "lat": 53.753298,
    "lng": -0.3599420000000464
  },
  "HU5 2LD": {
    "name": "MRH MAYFAIR",
    "allNames": [
      "MRH MAYFAIR",
      "KEYFUELS D MRH MAYFAIR"
    ],
    "terminal": "IPC",
    "lat": 53.766471,
    "lng": -0.36088519999998425
  },
  "HU17 9DH": {
    "name": "MFG BEVERLEY S STN",
    "allNames": [
      "MFG BEVERLEY S STN"
    ],
    "terminal": "IPC",
    "lat": 53.84563929999999,
    "lng": -0.42408479999994597
  },
  "HU15 2BY": {
    "name": "LPG DIRECT NORTHERN D ACC",
    "allNames": [
      "LPG DIRECT NORTHERN D ACC"
    ],
    "terminal": "IPC",
    "lat": 53.762707,
    "lng": -0.6023815999999442
  },
  "HU14 3HH": {
    "name": "MFG NORTH FERRIBY S STN",
    "allNames": [
      "MFG NORTH FERRIBY S STN",
      "KEYFUELS D NORTH FERRIBY S STN"
    ],
    "terminal": "IPC",
    "lat": 53.7208042,
    "lng": -0.5319802000000209
  },
  "HU11 5JX": {
    "name": "KEYFUELS D OASIS GARAGE",
    "allNames": [
      "KEYFUELS D OASIS GARAGE",
      "BLAKE BROTHERS OASIS"
    ],
    "terminal": "IPC",
    "lat": 53.86159259999999,
    "lng": -0.28810010000006514
  },
  "HG3 1ER": {
    "name": "MFG EAGLE THREE S STN",
    "allNames": [
      "MFG EAGLE THREE S STN"
    ],
    "terminal": "IPC",
    "lat": 53.95892190000001,
    "lng": -1.530396900000028
  },
  "HD8 8BL": {
    "name": "KEYFUELS D SOVEREIGN S STN",
    "allNames": [
      "KEYFUELS D SOVEREIGN S STN"
    ],
    "terminal": "IPC",
    "lat": 53.57535060000001,
    "lng": -1.7067276999999876
  },
  "HD3 4QA": {
    "name": "CJ STERN SCAR LANE MOTORS",
    "allNames": [
      "CJ STERN SCAR LANE MOTORS"
    ],
    "terminal": "IPC",
    "lat": 53.64009950000001,
    "lng": -1.8377763999999388
  },
  "HD3 3BX": {
    "name": "KEYFUELS D BIRCHENCLIFFE S STN",
    "allNames": [
      "KEYFUELS D BIRCHENCLIFFE S STN"
    ],
    "terminal": "IPC",
    "lat": 53.6659988,
    "lng": -1.8218467000000373
  },
  "DN9 1LR": {
    "name": "SK FUEL CENTRAL GARAGE",
    "allNames": [
      "SK FUEL CENTRAL GARAGE"
    ],
    "terminal": "IPC",
    "lat": 53.5544045,
    "lng": -0.816366300000027
  },
  "DN8 5GS": {
    "name": "KEYFUELS D MOTO DONCASTER NORTH",
    "allNames": [
      "KEYFUELS D MOTO DONCASTER NORTH",
      "CH JONES MOTO DONCASTER SFGO"
    ],
    "terminal": "IPC",
    "lat": 53.5921507,
    "lng": -0.992325400000027
  },
  "DN8 4JD": {
    "name": "SK FUELS SMALLEYS GARAGE",
    "allNames": [
      "SK FUELS SMALLEYS GARAGE"
    ],
    "terminal": "IPC",
    "lat": 53.6265664,
    "lng": -0.9814807999999857
  },
  "DN7 4JP": {
    "name": "MFG DUNSCROFT S STN",
    "allNames": [
      "MFG DUNSCROFT S STN",
      "KEYFUELS D DUNSCROFT S STN"
    ],
    "terminal": "IPC",
    "lat": 53.58312249999999,
    "lng": -1.017841599999997
  },
  "DN7 4BS": {
    "name": "BARRIECARS DUNSVILLE",
    "allNames": [
      "BARRIECARS DUNSVILLE"
    ],
    "terminal": "IPC",
    "lat": 53.5634392,
    "lng": -1.0224647000000004
  },
  "DN40 3DJ": {
    "name": "UK FUELS D REFINERY FILLING STATION",
    "allNames": [
      "UK FUELS D REFINERY FILLING STATION",
      "KEYFUELS D REFINERY FILLING STATION",
      "NJB SERVICES REFINERY F STN"
    ],
    "terminal": "IPC",
    "lat": 53.6292416,
    "lng": -0.25098560000003545
  },
  "DN4 0JL": {
    "name": "MFG DONCASTER S STN",
    "allNames": [
      "MFG DONCASTER S STN"
    ],
    "terminal": "IPC",
    "lat": 53.5134187,
    "lng": -1.1409267999999884
  },
  "DN33 2PZ": {
    "name": "MFG MARINERS S STN",
    "allNames": [
      "MFG MARINERS S STN"
    ],
    "terminal": "IPC",
    "lat": 53.5282202,
    "lng": -0.09244860000001154
  },
  "DN33 2BG": {
    "name": "MRH ST MARTINS",
    "allNames": [
      "MRH ST MARTINS"
    ],
    "terminal": "IPC",
    "lat": 53.5475761,
    "lng": -0.09194039999999859
  },
  "DN31 2BA": {
    "name": "MFG ROUNDHEAD S STN",
    "allNames": [
      "MFG ROUNDHEAD S STN"
    ],
    "terminal": "IPC",
    "lat": 53.5657562,
    "lng": -0.10114920000000893
  },
  "DN3 3AE": {
    "name": "INTAKE INTAKE 10",
    "allNames": [
      "INTAKE INTAKE 10"
    ],
    "terminal": "IPC",
    "lat": 53.535514,
    "lng": -1.0541144000000031
  },
  "DN22 0QL": {
    "name": "CANUTE D IM",
    "allNames": [
      "CANUTE D IM"
    ],
    "terminal": "IPC",
    "lat": 53.2745843,
    "lng": -0.964311500000008
  },
  "DN21 1JU": {
    "name": "MFG BRIDGE S STN",
    "allNames": [
      "MFG BRIDGE S STN",
      "KEYFUELS D BRIDGE S STN"
    ],
    "terminal": "IPC",
    "lat": 53.3923259,
    "lng": -0.7738131999999496
  },
  "DN17 2BJ": {
    "name": "MRH WESTCLIFFE",
    "allNames": [
      "MRH WESTCLIFFE",
      "KEYFUELS D MRH WESTCLIFFE"
    ],
    "terminal": "IPC",
    "lat": 53.5648987,
    "lng": -0.6793496999999888
  },
  "DN16 2AQ": {
    "name": "PETROGAS SCUNTHORPE S/STATION",
    "allNames": [
      "PETROGAS SCUNTHORPE S/STATION"
    ],
    "terminal": "IPC",
    "lat": 53.57680370000001,
    "lng": -0.6554624000000331
  },
  "DN15 6AJ": {
    "name": "MFG STEELMAKERS S STN",
    "allNames": [
      "MFG STEELMAKERS S STN",
      "KEYFUELS D STEELMAKERS S STN"
    ],
    "terminal": "IPC",
    "lat": 53.5949479,
    "lng": -0.6494619000000057
  },
  "DN11 9QP": {
    "name": "TICKHILL GARAGE LTD",
    "allNames": [
      "TICKHILL GARAGE LTD"
    ],
    "terminal": "IPC",
    "lat": 53.4318712,
    "lng": -1.108795999999984
  },
  "DE56 1JL": {
    "name": "BHATHAL SINGH POTTERIES S STN",
    "allNames": [
      "BHATHAL SINGH POTTERIES S STN"
    ],
    "terminal": "IPC",
    "lat": 53.0255265,
    "lng": -1.465969599999994
  },
  "DE4 2HY": {
    "name": "KEYFUELS D A6 TRUCKSTOP",
    "allNames": [
      "KEYFUELS D A6 TRUCKSTOP"
    ],
    "terminal": "IPC",
    "lat": 53.174006,
    "lng": -1.60612100000003
  },
  "CH5 2QJ": {
    "name": "CAMBRIAN QUEENSFERRY PRO",
    "allNames": [
      "CAMBRIAN QUEENSFERRY PRO",
      "CAMBRIAN QUEENSFERRY BUT"
    ],
    "terminal": "IPC",
    "lat": 53.2027849,
    "lng": -3.0060750999999755
  },
  "B35 7BT": {
    "name": "FLOGAS BIRMINGHAM PRO",
    "allNames": [
      "FLOGAS BIRMINGHAM PRO"
    ],
    "terminal": "IPC",
    "lat": 52.5121548,
    "lng": -1.788098600000012
  },
  "RM15 4YD": {
    "name": "CANUTE D GRAYS",
    "allNames": [
      "CANUTE D GRAYS"
    ],
    "terminal": "Grays",
    "lat": 51.4969632,
    "lng": 0.22932119999995848
  },
  "TD11 3LR": {
    "name": "AITKEN WALKER DUNS S STN",
    "allNames": [
      "AITKEN WALKER DUNS S STN",
      "KEYFUELS D DUNS S STN"
    ],
    "terminal": "Grangemouth",
    "lat": 55.7775901,
    "lng": -2.3316641999999774
  },
  "PH2 8AR": {
    "name": "KEYFUELS D SOUTH INCH SELF SERV",
    "allNames": [
      "KEYFUELS D SOUTH INCH SELF SERV",
      "UK FUELS D SOUTH INCH FILLING STN",
      "J R PETROLEUM SOUTH INCH"
    ],
    "terminal": "Grangemouth",
    "lat": 56.3867283,
    "lng": -3.431963499999938
  },
  "PH10 6DQ": {
    "name": "L GARDINER BLAIRGOWRIE SS",
    "allNames": [
      "L GARDINER BLAIRGOWRIE SS"
    ],
    "terminal": "Grangemouth",
    "lat": 56.5908239,
    "lng": -3.3408924000000297
  },
  "PA4 9AE": {
    "name": "DULAI ABBOTSINCH S STN",
    "allNames": [
      "DULAI ABBOTSINCH S STN"
    ],
    "terminal": "Grangemouth",
    "lat": 55.8796787,
    "lng": -4.395998999999961
  },
  "PA2 8PL": {
    "name": "HIGHLAND SHEILING S STN",
    "allNames": [
      "HIGHLAND SHEILING S STN"
    ],
    "terminal": "Grangemouth",
    "lat": 55.8233792,
    "lng": -4.444839999999999
  },
  "ML5 4RX": {
    "name": "PARKS OF HAMILTON PARK LANE S STN",
    "allNames": [
      "PARKS OF HAMILTON PARK LANE S STN"
    ],
    "terminal": "Grangemouth",
    "lat": 55.8461526,
    "lng": -4.022880600000008
  },
  "ML3 0AY": {
    "name": "PARKS OF HAMILTON TOWNHEAD GARAGE",
    "allNames": [
      "PARKS OF HAMILTON TOWNHEAD GARAGE"
    ],
    "terminal": "Grangemouth",
    "lat": 55.7819587,
    "lng": -4.045657900000037
  },
  "ML1 5AL": {
    "name": "PARKS OF HAMILTON M & J CARFIN",
    "allNames": [
      "PARKS OF HAMILTON M & J CARFIN"
    ],
    "terminal": "Grangemouth",
    "lat": 55.80666309999999,
    "lng": -3.957416500000022
  },
  "KY8 5JN": {
    "name": "HIGHLAND SANDY BRAE S STN",
    "allNames": [
      "HIGHLAND SANDY BRAE S STN"
    ],
    "terminal": "Grangemouth",
    "lat": 56.2038008,
    "lng": -3.05119030000003
  },
  "KY11 3AF": {
    "name": "MOTOR FUEL BOTHWELL S STN",
    "allNames": [
      "MOTOR FUEL BOTHWELL S STN"
    ],
    "terminal": "Grangemouth",
    "lat": 56.0650264,
    "lng": -3.4555096999999932
  },
  "KA6 7SJ": {
    "name": "GIBSON AYR ROAD S STN",
    "allNames": [
      "GIBSON AYR ROAD S STN",
      "UK FUELS D AYR ROAD SS"
    ],
    "terminal": "Grangemouth",
    "lat": 55.3240089,
    "lng": -4.402766799999995
  },
  "KA4 8LB": {
    "name": "MRH GALSTON",
    "allNames": [
      "MRH GALSTON",
      "KEYFUELS D MRH GALSTON"
    ],
    "terminal": "Grangemouth",
    "lat": 55.6030021,
    "lng": -4.395130800000061
  },
  "KA22 8AA": {
    "name": "PARKHOUSE GARAGE",
    "allNames": [
      "PARKHOUSE GARAGE"
    ],
    "terminal": "Grangemouth",
    "lat": 55.6461013,
    "lng": -4.7994955000000346
  },
  "KA20 3BE": {
    "name": "MASCOT ARDEER S STN",
    "allNames": [
      "MASCOT ARDEER S STN"
    ],
    "terminal": "Grangemouth",
    "lat": 55.6420213,
    "lng": -4.750998799999934
  },
  "KA19 7AQ": {
    "name": "BDC FUELS JD CAMERON.",
    "allNames": [
      "BDC FUELS JD CAMERON."
    ],
    "terminal": "Grangemouth",
    "lat": 55.3535032,
    "lng": -4.683248800000001
  },
  "KA18 2AB": {
    "name": "BRIDGEND AUCHINLECK",
    "allNames": [
      "BRIDGEND AUCHINLECK",
      "KEYFUELS D BRIDGEND GARAGE",
      "UK FUELS D BRIDGEND GARAGE"
    ],
    "terminal": "Grangemouth",
    "lat": 55.4661994,
    "lng": -4.29107810000005
  },
  "KA12 8RY": {
    "name": "HIGHLAND RAVENSPARK F/STATION",
    "allNames": [
      "HIGHLAND RAVENSPARK F/STATION"
    ],
    "terminal": "Grangemouth",
    "lat": 55.6248072,
    "lng": -4.672171100000014
  },
  "KA12 8NF": {
    "name": "KEYFUELS D SPRINGBANK S STN",
    "allNames": [
      "KEYFUELS D SPRINGBANK S STN",
      "MORGAN FUELS SPRINGBANK D GR",
      "UK FUELS D SPRINGBANK S STN",
      "ROWAN SPRINGBANK SERVICE STATION"
    ],
    "terminal": "Grangemouth",
    "lat": 55.6029723,
    "lng": -4.6647950000000264
  },
  "KA1 3LT": {
    "name": "CAMPBELL D GR HURLFORD ROAD",
    "allNames": [
      "CAMPBELL D GR HURLFORD ROAD"
    ],
    "terminal": "Grangemouth",
    "lat": 55.5947337,
    "lng": -4.492896599999995
  },
  "KA1 3LS": {
    "name": "CAMPBELL CAMPBELL FUEL OILS",
    "allNames": [
      "CAMPBELL CAMPBELL FUEL OILS"
    ],
    "terminal": "Grangemouth",
    "lat": 55.5957106,
    "lng": -4.489498099999992
  },
  "G74 3XH": {
    "name": "PARKS OF HAMILTON EAST KILBRIDE",
    "allNames": [
      "PARKS OF HAMILTON EAST KILBRIDE"
    ],
    "terminal": "Grangemouth",
    "lat": 55.7768581,
    "lng": -4.161442999999963
  },
  "G67 3PD": {
    "name": "MFG ABRONHILL S STN",
    "allNames": [
      "MFG ABRONHILL S STN"
    ],
    "terminal": "Grangemouth",
    "lat": 55.9529502,
    "lng": -3.9540147999999817
  },
  "G66 4EF": {
    "name": "N & S MOTORS GRAHAM GARAGE",
    "allNames": [
      "N & S MOTORS GRAHAM GARAGE"
    ],
    "terminal": "Grangemouth",
    "lat": 55.92569959999999,
    "lng": -4.1694201999999905
  },
  "G53 7RZ": {
    "name": "HIGHLAND DARNLEYMILL S/STATION",
    "allNames": [
      "HIGHLAND DARNLEYMILL S/STATION"
    ],
    "terminal": "Grangemouth",
    "lat": 55.811061,
    "lng": -4.3534415999999965
  },
  "G21 1LZ": {
    "name": "SAEED SUPERSAVE SPRINGBURN",
    "allNames": [
      "SAEED SUPERSAVE SPRINGBURN"
    ],
    "terminal": "Grangemouth",
    "lat": 55.8875095,
    "lng": -4.233412600000065
  },
  "G15 8LW": {
    "name": "CLARKSON BOULEVARD F STN",
    "allNames": [
      "CLARKSON BOULEVARD F STN",
      "KEYFUELS D BOULEVARD F STN"
    ],
    "terminal": "Grangemouth",
    "lat": 55.9083586,
    "lng": -4.386279599999966
  },
  "FK7 8HQ": {
    "name": "MORRISONS GARAGE",
    "allNames": [
      "MORRISONS GARAGE"
    ],
    "terminal": "Grangemouth",
    "lat": 56.0865378,
    "lng": -3.9281955000000153
  },
  "FK7 8AL": {
    "name": "ASSOCIATED AGRICULTURAL OILS D GR",
    "allNames": [
      "ASSOCIATED AGRICULTURAL OILS D GR",
      "UK FUELS D MUIRPARK GARAGE",
      "KEYFUELS D ASS AGRICULTURAL OIL LTD"
    ],
    "terminal": "Grangemouth",
    "lat": 56.08081,
    "lng": -3.896523900000034
  },
  "FK4 1BU": {
    "name": "KEYFUELS D BONNYBRIDGE",
    "allNames": [
      "KEYFUELS D BONNYBRIDGE",
      "COWDEN BONNYBRIDGE FSTN"
    ],
    "terminal": "Grangemouth",
    "lat": 56.00101170000001,
    "lng": -3.886470000000031
  },
  "FK11 7BX": {
    "name": "CLARKSON MENSTRIE F STN",
    "allNames": [
      "CLARKSON MENSTRIE F STN",
      "KEYFUELS D MENSTRIE F STN"
    ],
    "terminal": "Grangemouth",
    "lat": 56.1509819,
    "lng": -3.8588620000000446
  },
  "EH7 6UW": {
    "name": "JUNER RESTALRIG SERVICE STATION",
    "allNames": [
      "JUNER RESTALRIG SERVICE STATION"
    ],
    "terminal": "Grangemouth",
    "lat": 55.96433409999999,
    "lng": -3.1550478999999996
  },
  "EH52 6QE": {
    "name": "MFG NEWTON S STN",
    "allNames": [
      "MFG NEWTON S STN"
    ],
    "terminal": "Grangemouth",
    "lat": 55.98350629999999,
    "lng": -3.4564041999999517
  },
  "EH52 6PX": {
    "name": "MFG GLENDEVON S STN",
    "allNames": [
      "MFG GLENDEVON S STN"
    ],
    "terminal": "Grangemouth",
    "lat": 55.958087,
    "lng": -3.4774099999999635
  },
  "EH48 2PE": {
    "name": "KEYFUELS D ARMADALE S S",
    "allNames": [
      "KEYFUELS D ARMADALE S S",
      "BULLS ARMADALE S STN"
    ],
    "terminal": "Grangemouth",
    "lat": 55.899365,
    "lng": -3.6903621999999814
  },
  "EH42 1DE": {
    "name": "AITKEN RIGG S STN",
    "allNames": [
      "AITKEN RIGG S STN"
    ],
    "terminal": "Grangemouth",
    "lat": 56.00152790000001,
    "lng": -2.523763199999962
  },
  "EH41 3PH": {
    "name": "AITKEN BY PASS SERVICE S STN",
    "allNames": [
      "AITKEN BY PASS SERVICE S STN"
    ],
    "terminal": "Grangemouth",
    "lat": 55.9614075,
    "lng": -2.776367299999947
  },
  "EH33 2NT": {
    "name": "STARK BIRSLEY GARAGE",
    "allNames": [
      "STARK BIRSLEY GARAGE"
    ],
    "terminal": "Grangemouth",
    "lat": 55.9355604,
    "lng": -2.9618732999999793
  },
  "EH33 1NF": {
    "name": "KEYFUELS D MACH ENTERPRISES",
    "allNames": [
      "KEYFUELS D MACH ENTERPRISES",
      "UK FUELS D MACH ENT"
    ],
    "terminal": "Grangemouth",
    "lat": 55.94650619999999,
    "lng": -2.969670400000041
  },
  "DG8 6NP": {
    "name": "GALLOWAY CREEBRIDGE GARAGE",
    "allNames": [
      "GALLOWAY CREEBRIDGE GARAGE"
    ],
    "terminal": "Grangemouth",
    "lat": 54.9607289,
    "lng": -4.481176900000037
  },
  "DG2 9DX": {
    "name": "FUSCO BORDER CARS",
    "allNames": [
      "FUSCO BORDER CARS"
    ],
    "terminal": "Grangemouth",
    "lat": 55.0704535,
    "lng": -3.6285262000000102
  },
  "DG1 3PG": {
    "name": "UK FUELS D JOHNSTONE OIL",
    "allNames": [
      "UK FUELS D JOHNSTONE OIL"
    ],
    "terminal": "Grangemouth",
    "lat": 55.0813087,
    "lng": -3.5480368999999428
  },
  "DD4 9BT": {
    "name": "KEYFUELS D FORFAR",
    "allNames": [
      "KEYFUELS D FORFAR",
      "UK FUELS D FORFAR",
      "MORGAN FUELS FORFAR ROAD D GR",
      "NONIS FORFAR ROAD S STN"
    ],
    "terminal": "Grangemouth",
    "lat": 56.4889762,
    "lng": -2.9509877000000415
  },
  "DD2 4UY": {
    "name": "UK FUELS D TAYSIDE SERV AREA",
    "allNames": [
      "UK FUELS D TAYSIDE SERV AREA"
    ],
    "terminal": "Grangemouth",
    "lat": 56.4660276,
    "lng": -3.035476399999993
  },
  "WF83HU": {
    "name": "KEYFUELS D DARRINGTON S/STATION",
    "allNames": [
      "KEYFUELS D DARRINGTON S/STATION"
    ],
    "terminal": "Bramhall",
    "lat": 53.6632974,
    "lng": -1.265762900000027
  },
  "WA9 3EZ": {
    "name": "CALDO OILS D BR",
    "allNames": [
      "CALDO OILS D BR"
    ],
    "terminal": "Bramhall",
    "lat": 53.4378511,
    "lng": -2.7061529000000064
  },
  "WA7 3EZ": {
    "name": "KEYFUELS D M56 COUNTY OILS",
    "allNames": [
      "KEYFUELS D M56 COUNTY OILS",
      "UK FUELS D M56 DERV STOP",
      "COUNTY D BR RUNCORN"
    ],
    "terminal": "Bramhall",
    "lat": 53.3086741,
    "lng": -2.7029382000000624
  },
  "ST10 1JF": {
    "name": "STODDARDS D BR",
    "allNames": [
      "STODDARDS D BR"
    ],
    "terminal": "Bramhall",
    "lat": 52.9895982,
    "lng": -1.9866856999999527
  },
  "S43 1DE": {
    "name": "MFG BRIMINGTON S STN",
    "allNames": [
      "MFG BRIMINGTON S STN"
    ],
    "terminal": "Bramhall",
    "lat": 53.2569745,
    "lng": -1.3940049000000272
  },
  "S2 1GE": {
    "name": "PETROGAS SHEFFIELD S/STATION",
    "allNames": [
      "PETROGAS SHEFFIELD S/STATION"
    ],
    "terminal": "Bramhall",
    "lat": 53.36807839999999,
    "lng": -1.4404618999999457
  },
  "PR9 8BY": {
    "name": "HERMON HODGE D BR BANKS",
    "allNames": [
      "HERMON HODGE D BR BANKS"
    ],
    "terminal": "Bramhall",
    "lat": 53.6660602,
    "lng": -2.915872600000057
  },
  "PR5 8AN": {
    "name": "UK FUELS D RIBBLE FUELS",
    "allNames": [
      "UK FUELS D RIBBLE FUELS"
    ],
    "terminal": "Bramhall",
    "lat": 53.7247839,
    "lng": -2.6434950999999955
  },
  "PR4 0XB": {
    "name": "MASTER ENTERPRIZE LEA GATE S STN",
    "allNames": [
      "MASTER ENTERPRIZE LEA GATE S STN"
    ],
    "terminal": "Bramhall",
    "lat": 53.7621745,
    "lng": -2.7866423000000395
  },
  "M32 0YQ": {
    "name": "KEYFUELS D TURNERS SOHAM LTD",
    "allNames": [
      "KEYFUELS D TURNERS SOHAM LTD"
    ],
    "terminal": "Bramhall",
    "lat": 53.4580682,
    "lng": -2.3246308000000226
  },
  "M17 1PG": {
    "name": "KEYFUELS D TRAFFORD PARK SS",
    "allNames": [
      "KEYFUELS D TRAFFORD PARK SS"
    ],
    "terminal": "Bramhall",
    "lat": 53.4644817,
    "lng": -2.319558499999971
  },
  "M17 1JL": {
    "name": "UK FUELS D TRAFFORD PARK S STN",
    "allNames": [
      "UK FUELS D TRAFFORD PARK S STN"
    ],
    "terminal": "Bramhall",
    "lat": 53.46672299999999,
    "lng": -2.314980999999989
  },
  "LS8 5DT": {
    "name": "PATEL ROSEVILLE S STN",
    "allNames": [
      "PATEL ROSEVILLE S STN",
      "KEYFUELS D ROSEVILLE SS",
      "UK FUELS D ROSEVILLE SS"
    ],
    "terminal": "Bramhall",
    "lat": 53.8080373,
    "lng": -1.5269815999999992
  },
  "LL30 1YR": {
    "name": "UK FUEL LTD MOSTYN BROADWAY S STN",
    "allNames": [
      "UK FUEL LTD MOSTYN BROADWAY S STN"
    ],
    "terminal": "Bramhall",
    "lat": 53.3213484,
    "lng": -3.8168699999999944
  },
  "LL3 1YR": {
    "name": "UK FUELS D MOSTYN BROADWAY S STN",
    "allNames": [
      "UK FUELS D MOSTYN BROADWAY S STN",
      "KEYFUELS D MOSTYN BROADWAY S STN"
    ],
    "terminal": "Bramhall",
    "lat": 47.9933931,
    "lng": 11.04651279999996
  },
  "LA7 7NX": {
    "name": "UK FUELS D M6 DIESEL CROOKLANDS",
    "allNames": [
      "UK FUELS D M6 DIESEL CROOKLANDS"
    ],
    "terminal": "Bramhall",
    "lat": 54.2395086,
    "lng": -2.7092502000000422
  },
  "LA5 9RQ": {
    "name": "KEYFUELS D TRUCKHAVEN",
    "allNames": [
      "KEYFUELS D TRUCKHAVEN"
    ],
    "terminal": "Bramhall",
    "lat": 54.1385167,
    "lng": -2.757651399999986
  },
  "LA2 9DU": {
    "name": "KEYFUELS D MOTO FORTON NORTH",
    "allNames": [
      "KEYFUELS D MOTO FORTON NORTH",
      "KEYFUELS D MOTO FORTON SOUTH"
    ],
    "terminal": "Bramhall",
    "lat": 53.9615681,
    "lng": -2.7613575999999966
  },
  "L5 9ZA": {
    "name": "UK FUELS D COUNTY OILS",
    "allNames": [
      "UK FUELS D COUNTY OILS",
      "COUNTY D BR"
    ],
    "terminal": "Bramhall",
    "lat": 53.66963579999999,
    "lng": 7.424583900000016
  },
  "L5 9TE": {
    "name": "KEYFUELS D QUAY FUELS",
    "allNames": [
      "KEYFUELS D QUAY FUELS"
    ],
    "terminal": "Bramhall",
    "lat": 53.4229379,
    "lng": -2.9951948000000357
  },
  "L33 7XS": {
    "name": "UK FUELS D GOODWIN CORP",
    "allNames": [
      "UK FUELS D GOODWIN CORP",
      "KEYFUELS D GOODWIN CORP",
      "STANDARD FUELS D BR"
    ],
    "terminal": "Bramhall",
    "lat": 53.4757827,
    "lng": -2.861083399999984
  },
  "L33 3AY": {
    "name": "MATALAN KNOWSLEY D BR",
    "allNames": [
      "MATALAN KNOWSLEY D BR"
    ],
    "terminal": "Bramhall",
    "lat": 53.4877386,
    "lng": -2.8445814000000382
  },
  "HX4 8BQ": {
    "name": "PATEL WEST VALE F STN FOR",
    "allNames": [
      "PATEL WEST VALE F STN FOR"
    ],
    "terminal": "Bramhall",
    "lat": 53.68295,
    "lng": -1.8625028999999813
  },
  "DE45 1AW": {
    "name": "MFG PARK VIEW S STN",
    "allNames": [
      "MFG PARK VIEW S STN",
      "UK FUELS D PARK VIEW S STN"
    ],
    "terminal": "Bramhall",
    "lat": 53.208339,
    "lng": -1.6697096000000329
  },
  "CH7 2NJ": {
    "name": "BLAKEMORE BUCKLEY",
    "allNames": [
      "BLAKEMORE BUCKLEY"
    ],
    "terminal": "Bramhall",
    "lat": 53.168506,
    "lng": -3.0881778000000395
  },
  "CH1 6LZ": {
    "name": "WIRRAL FUELS D BR",
    "allNames": [
      "WIRRAL FUELS D BR"
    ],
    "terminal": "Bramhall",
    "lat": 53.2503541,
    "lng": -2.9287746999999626
  },
  "CA6 4DT": {
    "name": "UK FUELS D HARKER SS",
    "allNames": [
      "UK FUELS D HARKER SS"
    ],
    "terminal": "Bramhall",
    "lat": 54.9399785,
    "lng": -2.944792399999983
  },
  "CA4 0AN": {
    "name": "UK FUELS D GOLDEN FLEECE SS",
    "allNames": [
      "UK FUELS D GOLDEN FLEECE SS",
      "KEYFUELS D GOLDEN FLEECE SS"
    ],
    "terminal": "Bramhall",
    "lat": 54.8564061,
    "lng": -2.8759328999999525
  },
  "CA11 9EH": {
    "name": "UK FUELS D PENRITH TRUCK STOP",
    "allNames": [
      "UK FUELS D PENRITH TRUCK STOP",
      "KEYFUELS D PENRITH TRUCK STOP"
    ],
    "terminal": "Bramhall",
    "lat": 54.6616618,
    "lng": -2.7643037999999933
  },
  "CA11 7EH": {
    "name": "UK FUELS D ULLSWATER ROAD",
    "allNames": [
      "UK FUELS D ULLSWATER ROAD"
    ],
    "terminal": "Bramhall",
    "lat": 54.6575815,
    "lng": -2.7614836000000196
  },
  "CA10 3SS": {
    "name": "UK FUELS D M6 DIESEL TEBAY",
    "allNames": [
      "UK FUELS D M6 DIESEL TEBAY",
      "KEYFUELS D M6 DIESEL TEBAY"
    ],
    "terminal": "Bramhall",
    "lat": 54.43901589999999,
    "lng": -2.5931413000000703
  },
  "BL9 7HY": {
    "name": "CROWN D BR",
    "allNames": [
      "CROWN D BR"
    ],
    "terminal": "Bramhall",
    "lat": 53.5911364,
    "lng": -2.260687999999959
  },
  "BL6 5UZ": {
    "name": "KEYFUELS D RIVINGTON NORTH S/STN",
    "allNames": [
      "KEYFUELS D RIVINGTON NORTH S/STN",
      "KEYFUELS D RIVINGTON SOUTH S/STN"
    ],
    "terminal": "Bramhall",
    "lat": 53.60096069999999,
    "lng": -2.5727789999999686
  },
  "BD16 2RD": {
    "name": "KEYFUELS D MALTHURST RANKIN",
    "allNames": [
      "KEYFUELS D MALTHURST RANKIN",
      "MRH RANKIN F STN"
    ],
    "terminal": "Bramhall",
    "lat": 53.8519419,
    "lng": -1.8402128000000175
  },
  "BB4 5PD": {
    "name": "HIGHSHOT HASLINGDEN S STN",
    "allNames": [
      "HIGHSHOT HASLINGDEN S STN"
    ],
    "terminal": "Bramhall",
    "lat": 53.7041075,
    "lng": -2.296544600000061
  },
  "BB1 3HQ": {
    "name": "UK FUELS D FURTHERGATE SS",
    "allNames": [
      "UK FUELS D FURTHERGATE SS"
    ],
    "terminal": "Bramhall",
    "lat": 53.7497809,
    "lng": -2.4598244000000022
  },
  "NN18 8TJ": {
    "name": "KEYFUELS D BROBOT SOUTHERN GATEWAY",
    "allNames": [
      "KEYFUELS D BROBOT SOUTHERN GATEWAY",
      "BROBOT CORBY SOUTHERN GATEWAY"
    ],
    "terminal": "Birmingham",
    "lat": 52.4591283,
    "lng": -0.735521800000015
  },
  "NN17 2AE": {
    "name": "BROBOT CORBY NORTH",
    "allNames": [
      "BROBOT CORBY NORTH"
    ],
    "terminal": "Birmingham",
    "lat": 52.5070778,
    "lng": -0.7083321999999725
  },
  "GL1 3HB": {
    "name": "SYMONDS LONDON RD S STN",
    "allNames": [
      "SYMONDS LONDON RD S STN"
    ],
    "terminal": "Birmingham",
    "lat": 51.8675697,
    "lng": -2.239079199999992
  },
  "DY5 1SY": {
    "name": "MRH MERRYHILL",
    "allNames": [
      "MRH MERRYHILL",
      "KEYFUELS D MRH MERRYHILL"
    ],
    "terminal": "Birmingham",
    "lat": 52.4786151,
    "lng": -2.1113698999999997
  },
  "CV3 4EX": {
    "name": "KEYFUELS D MRH RYTON",
    "allNames": [
      "KEYFUELS D MRH RYTON",
      "MRH RYTON"
    ],
    "terminal": "Birmingham",
    "lat": 52.3783499,
    "lng": -1.46452290000002
  },
  "B9 5NS": {
    "name": "MALEK BORDESLEY GREEN S STN",
    "allNames": [
      "MALEK BORDESLEY GREEN S STN"
    ],
    "terminal": "Birmingham",
    "lat": 52.4784212,
    "lng": -1.8438420999999607
  },
  "B69 3DS": {
    "name": "PENI SANDWELL SERVICE STATION",
    "allNames": [
      "PENI SANDWELL SERVICE STATION"
    ],
    "terminal": "Birmingham",
    "lat": 52.5091404,
    "lng": -2.0274202000000514
  },
  "B66 2RX": {
    "name": "CHANCO CRANFORD ST S STN",
    "allNames": [
      "CHANCO CRANFORD ST S STN"
    ],
    "terminal": "Birmingham",
    "lat": 52.4938327,
    "lng": -1.950821200000064
  },
  "B47 5QJ": {
    "name": "WIDALL TRUEMANS HEATH FILLING STN",
    "allNames": [
      "WIDALL TRUEMANS HEATH FILLING STN"
    ],
    "terminal": "Birmingham",
    "lat": 52.39044089999999,
    "lng": -1.870513800000026
  },
  "B18 4HB": {
    "name": "MAAN DUDLEY ROAD S STN",
    "allNames": [
      "MAAN DUDLEY ROAD S STN",
      "KEYFUELS D DUDLEY ROAD S STN",
      "UK FUELS D DUDLEY ROAD SS"
    ],
    "terminal": "Birmingham",
    "lat": 52.4868892,
    "lng": -1.943509899999981
  },
  "B11 2HA": {
    "name": "MALEK GREET F STN",
    "allNames": [
      "MALEK GREET F STN",
      "KEMPSTON GREET F STN"
    ],
    "terminal": "Birmingham",
    "lat": 52.45292,
    "lng": -1.8396794999999884
  },
  "IV32 7LH": {
    "name": "MOSSTODLOCH SERVICE STATION",
    "allNames": [
      "MOSSTODLOCH SERVICE STATION"
    ],
    "terminal": "Aberdeen Caledonian",
    "lat": 57.628623,
    "lng": -3.123946599999954
  },
  "IV30 6BG": {
    "name": "AITKENHEAD NEW ELGIN S/STATION",
    "allNames": [
      "AITKENHEAD NEW ELGIN S/STATION"
    ],
    "terminal": "Aberdeen Caledonian",
    "lat": 57.63503889999999,
    "lng": -3.3051500999999917
  },
  "IV30 4LF": {
    "name": "AITKENHEAD BUCCANEER S/STATION",
    "allNames": [
      "AITKENHEAD BUCCANEER S/STATION"
    ],
    "terminal": "Aberdeen Caledonian",
    "lat": 57.6633896,
    "lng": -3.311281000000008
  },
  "ML1 3DU": {
    "name": "PARKS OF HAMILTON MOTHERWELL",
    "allNames": [
      "PARKS OF HAMILTON MOTHERWELL"
    ],
    "terminal": "Grangemouth",
    "lat": 55.78687979999999,
    "lng": -4.006648300000052
  },
  "ML11 0JU": {
    "name": "UK FUELS D CAIRN LODGE FS",
    "allNames": [
      "UK FUELS D CAIRN LODGE FS"
    ],
    "terminal": "Grangemouth",
    "lat": 55.6252653,
    "lng": -3.8677860000000237
  },
  "ML2 8HF": {
    "name": "KEYFUELS D COOPER BROS",
    "allNames": [
      "KEYFUELS D COOPER BROS",
      "UK FUELS D COOPER BROS",
      "COOPER BROTHERS"
    ],
    "terminal": "Grangemouth",
    "lat": 55.7737233,
    "lng": -3.88575579999997
  },
  "ML3 7TN": {
    "name": "PARKS OF HAMILTON STRATHAVEN RD",
    "allNames": [
      "PARKS OF HAMILTON STRATHAVEN RD"
    ],
    "terminal": "Grangemouth",
    "lat": 55.752731,
    "lng": -4.049529399999983
  },
  "NE71 6QP": {
    "name": "KEYFUELS D HAUGH HEAD GARAGE",
    "allNames": [
      "KEYFUELS D HAUGH HEAD GARAGE",
      "UK FUELS D HAUGH HEAD GARAGE",
      "EAGLE ROAD HAUGH HEAD GARAGE"
    ],
    "terminal": "Grangemouth",
    "lat": 55.5305502,
    "lng": -1.998816300000044
  },
  "PA2 7BE": {
    "name": "CAMPBELL D GR HAWKHEAD ROAD",
    "allNames": [
      "CAMPBELL D GR HAWKHEAD ROAD",
      "FINE FUEL HAWKHEAD STN"
    ],
    "terminal": "Grangemouth",
    "lat": 55.8363842,
    "lng": -4.39509129999999
  },
  "PA23 8QT": {
    "name": "KEYFUELS D COT HOUSE SERVICES",
    "allNames": [
      "KEYFUELS D COT HOUSE SERVICES",
      "UK FUELS D COT HOUSE SERVICES",
      "MORGAN FUELS COT HOUSE D GR",
      "MURRAY COT HOUSE SERVICES"
    ],
    "terminal": "Grangemouth",
    "lat": 56.00946010000001,
    "lng": -4.973303600000008
  },
  "PH1 3HY": {
    "name": "TRISTAN PETROLEUM LTD",
    "allNames": [
      "TRISTAN PETROLEUM LTD"
    ],
    "terminal": "Grangemouth",
    "lat": 56.40799579999999,
    "lng": -3.508544499999971
  },
  "PH1 3NZ": {
    "name": "KEYFUELS D ALMOND BANK SS",
    "allNames": [
      "KEYFUELS D ALMOND BANK SS"
    ],
    "terminal": "Grangemouth",
    "lat": 56.4076229,
    "lng": -3.5044781000000285
  },
  "PH15 2AF": {
    "name": "CO OP ABERFELDY F STN",
    "allNames": [
      "CO OP ABERFELDY F STN"
    ],
    "terminal": "Grangemouth",
    "lat": 56.62050739999999,
    "lng": -3.8629925000000185
  },
  "PH9 0LG": {
    "name": "UK FUELS D BALLINLUIG F STN",
    "allNames": [
      "UK FUELS D BALLINLUIG F STN"
    ],
    "terminal": "Grangemouth",
    "lat": 56.65444840000001,
    "lng": -3.6697240999999394
  },
  "TD4 6DF": {
    "name": "CO OP EARLSTON F STN",
    "allNames": [
      "CO OP EARLSTON F STN"
    ],
    "terminal": "Grangemouth",
    "lat": 55.6360959,
    "lng": -2.68264750000003
  },
  "TD5 8AY": {
    "name": "MAXWELL MOTORS",
    "allNames": [
      "MAXWELL MOTORS",
      "UK FUELS D MAXWELL MOTORS F STN"
    ],
    "terminal": "Grangemouth",
    "lat": 55.5934409,
    "lng": -2.4318498999999747
  },
  "SG6 1HJ": {
    "name": "STEVENAGE OIL CO D GRAYS",
    "allNames": [
      "STEVENAGE OIL CO D GRAYS"
    ],
    "terminal": "Grays",
    "lat": 51.98966069999999,
    "lng": -0.20407829999999194
  },
  "BD21 1BB": {
    "name": "KEYFUELS D BROBOT KEIGHLEY",
    "allNames": [
      "KEYFUELS D BROBOT KEIGHLEY",
      "UK FUELS D BROBOT KEIGHLEY",
      "BROBOT KEIGHLEY"
    ],
    "terminal": "IPC",
    "lat": 53.85645779999999,
    "lng": -1.9146444000000429
  },
  "DE5 6EW": {
    "name": "KEYFUELS D STRETTON BROBOT",
    "allNames": [
      "KEYFUELS D STRETTON BROBOT"
    ],
    "terminal": "IPC",
    "lat": 53.0484838,
    "lng": -1.3948669999999765
  },
  "DH4 6DU": {
    "name": "PAR D IM",
    "allNames": [
      "PAR D IM"
    ],
    "terminal": "IPC",
    "lat": 54.848778,
    "lng": -1.519751700000029
  },
  "DN2 4NF": {
    "name": "MOTOR FUEL HARVEST S STN",
    "allNames": [
      "MOTOR FUEL HARVEST S STN"
    ],
    "terminal": "IPC",
    "lat": 53.5477682,
    "lng": -1.0915578000000323
  },
  "DN22 7JG": {
    "name": "VASEEHARAN WHITEHOUSES S STN",
    "allNames": [
      "VASEEHARAN WHITEHOUSES S STN"
    ],
    "terminal": "IPC",
    "lat": 53.3059696,
    "lng": -0.9321568000000298
  },
  "DN14 7TA": {
    "name": "PETROGAS HOWDEN S/STATION",
    "allNames": [
      "PETROGAS HOWDEN S/STATION"
    ],
    "terminal": "IPC",
    "lat": 53.7441381,
    "lng": -0.857971799999973
  },
  "DE23 6QF": {
    "name": "BROBOT LITTLEOVER",
    "allNames": [
      "BROBOT LITTLEOVER"
    ],
    "terminal": "IPC",
    "lat": 52.9058922,
    "lng": -1.4771054999999933
  },
  "IV40 8HB": {
    "name": "CARR INVERINATE SERVICE STATION",
    "allNames": [
      "CARR INVERINATE SERVICE STATION"
    ],
    "terminal": "Inverness",
    "lat": 57.2434743,
    "lng": -5.459689900000058
  },
  "DN16 3BJ": {
    "name": "MFG SCUNTHORPE S STN",
    "allNames": [
      "MFG SCUNTHORPE S STN"
    ],
    "terminal": "IPC",
    "lat": 53.5614252,
    "lng": -0.6357637999999497
  },
  "RG27 9HU": {
    "name": "RAWLINGS D GRAYS",
    "allNames": [
      "RAWLINGS D GRAYS"
    ],
    "terminal": "Grays",
    "lat": 51.2787649,
    "lng": -0.961663499999986
  },
  "DE55 6EW": {
    "name": "BROBOT STRETTON",
    "allNames": [
      "BROBOT STRETTON"
    ],
    "terminal": "IPC",
    "lat": 53.149645,
    "lng": -1.4135937999999442
  }
}