{
  "Aberdeen Caledonian": {
    "IV30 4LF": {
      "name": "AITKENHEAD BUCCANEER S/STATION",
      "allNames": [
        "AITKENHEAD BUCCANEER S/STATION"
      ],
      "terminal": "Aberdeen Caledonian",
      "isUK": false,
      "isKey": false
    },
    "IV30 6BG": {
      "name": "AITKENHEAD NEW ELGIN S/STATION",
      "allNames": [
        "AITKENHEAD NEW ELGIN S/STATION"
      ],
      "terminal": "Aberdeen Caledonian",
      "isUK": false,
      "isKey": false
    },
    "IV32 7LH": {
      "name": "MOSSTODLOCH SERVICE STATION",
      "allNames": [
        "MOSSTODLOCH SERVICE STATION"
      ],
      "terminal": "Aberdeen Caledonian",
      "isUK": false,
      "isKey": false
    }
  },
  "Birmingham": {
    "B11 2HA": {
      "name": "MALEK GREET F STN",
      "allNames": [
        "MALEK GREET F STN",
        "KEMPSTON GREET F STN"
      ],
      "terminal": "Birmingham",
      "isUK": false,
      "isKey": false
    },
    "B18 4HB": {
      "name": "MAAN DUDLEY ROAD S STN",
      "allNames": [
        "MAAN DUDLEY ROAD S STN",
        "KEYFUELS D DUDLEY ROAD S STN",
        "UK FUELS D DUDLEY ROAD SS"
      ],
      "terminal": "Birmingham",
      "isUK": true,
      "isKey": true
    },
    "B47 5QJ": {
      "name": "WIDALL TRUEMANS HEATH FILLING STN",
      "allNames": [
        "WIDALL TRUEMANS HEATH FILLING STN"
      ],
      "terminal": "Birmingham",
      "isUK": false,
      "isKey": false
    },
    "B66 2RX": {
      "name": "CHANCO CRANFORD ST S STN",
      "allNames": [
        "CHANCO CRANFORD ST S STN"
      ],
      "terminal": "Birmingham",
      "isUK": false,
      "isKey": false
    },
    "B69 3DS": {
      "name": "PENI SANDWELL SERVICE STATION",
      "allNames": [
        "PENI SANDWELL SERVICE STATION"
      ],
      "terminal": "Birmingham",
      "isUK": false,
      "isKey": false
    },
    "B9 5NS": {
      "name": "MALEK BORDESLEY GREEN S STN",
      "allNames": [
        "MALEK BORDESLEY GREEN S STN"
      ],
      "terminal": "Birmingham",
      "isUK": false,
      "isKey": false
    },
    "CV3 4EX": {
      "name": "KEYFUELS D MRH RYTON",
      "allNames": [
        "KEYFUELS D MRH RYTON",
        "MRH RYTON"
      ],
      "terminal": "Birmingham",
      "isUK": false,
      "isKey": true
    },
    "DY5 1SY": {
      "name": "MRH MERRYHILL",
      "allNames": [
        "MRH MERRYHILL",
        "KEYFUELS D MRH MERRYHILL"
      ],
      "terminal": "Birmingham",
      "isUK": false,
      "isKey": true
    },
    "GL1 3HB": {
      "name": "SYMONDS LONDON RD S STN",
      "allNames": [
        "SYMONDS LONDON RD S STN"
      ],
      "terminal": "Birmingham",
      "isUK": false,
      "isKey": false
    },
    "NN17 2AE": {
      "name": "BROBOT CORBY NORTH",
      "allNames": [
        "BROBOT CORBY NORTH"
      ],
      "terminal": "Birmingham",
      "isUK": false,
      "isKey": false
    },
    "NN18 8TJ": {
      "name": "KEYFUELS D BROBOT SOUTHERN GATEWAY",
      "allNames": [
        "KEYFUELS D BROBOT SOUTHERN GATEWAY",
        "BROBOT CORBY SOUTHERN GATEWAY"
      ],
      "terminal": "Birmingham",
      "isUK": false,
      "isKey": true
    }
  },
  "Bramhall": {
    "BB1 3HQ": {
      "name": "UK FUELS D FURTHERGATE SS",
      "allNames": [
        "UK FUELS D FURTHERGATE SS"
      ],
      "terminal": "Bramhall",
      "isUK": true,
      "isKey": false
    },
    "BB4 5PD": {
      "name": "HIGHSHOT HASLINGDEN S STN",
      "allNames": [
        "HIGHSHOT HASLINGDEN S STN"
      ],
      "terminal": "Bramhall",
      "isUK": false,
      "isKey": false
    },
    "BD16 2RD": {
      "name": "KEYFUELS D MALTHURST RANKIN",
      "allNames": [
        "KEYFUELS D MALTHURST RANKIN",
        "MRH RANKIN F STN"
      ],
      "terminal": "Bramhall",
      "isUK": false,
      "isKey": true
    },
    "BL6 5UZ": {
      "name": "KEYFUELS D RIVINGTON NORTH S/STN",
      "allNames": [
        "KEYFUELS D RIVINGTON NORTH S/STN",
        "KEYFUELS D RIVINGTON SOUTH S/STN"
      ],
      "terminal": "Bramhall",
      "isUK": false,
      "isKey": true
    },
    "BL9 7HY": {
      "name": "CROWN D BR",
      "allNames": [
        "CROWN D BR"
      ],
      "terminal": "Bramhall",
      "isUK": false,
      "isKey": false
    },
    "CA10 3SS": {
      "name": "UK FUELS D M6 DIESEL TEBAY",
      "allNames": [
        "UK FUELS D M6 DIESEL TEBAY",
        "KEYFUELS D M6 DIESEL TEBAY"
      ],
      "terminal": "Bramhall",
      "isUK": true,
      "isKey": true
    },
    "CA11 7EH": {
      "name": "UK FUELS D ULLSWATER ROAD",
      "allNames": [
        "UK FUELS D ULLSWATER ROAD"
      ],
      "terminal": "Bramhall",
      "isUK": true,
      "isKey": false
    },
    "CA11 9EH": {
      "name": "UK FUELS D PENRITH TRUCK STOP",
      "allNames": [
        "UK FUELS D PENRITH TRUCK STOP",
        "KEYFUELS D PENRITH TRUCK STOP"
      ],
      "terminal": "Bramhall",
      "isUK": true,
      "isKey": true
    },
    "CA4 0AN": {
      "name": "UK FUELS D GOLDEN FLEECE SS",
      "allNames": [
        "UK FUELS D GOLDEN FLEECE SS",
        "KEYFUELS D GOLDEN FLEECE SS"
      ],
      "terminal": "Bramhall",
      "isUK": true,
      "isKey": true
    },
    "CA6 4DT": {
      "name": "UK FUELS D HARKER SS",
      "allNames": [
        "UK FUELS D HARKER SS"
      ],
      "terminal": "Bramhall",
      "isUK": true,
      "isKey": false
    },
    "CH1 6LZ": {
      "name": "WIRRAL FUELS D BR",
      "allNames": [
        "WIRRAL FUELS D BR"
      ],
      "terminal": "Bramhall",
      "isUK": false,
      "isKey": false
    },
    "CH7 2NJ": {
      "name": "BLAKEMORE BUCKLEY",
      "allNames": [
        "BLAKEMORE BUCKLEY"
      ],
      "terminal": "Bramhall",
      "isUK": false,
      "isKey": false
    },
    "DE45 1AW": {
      "name": "MFG PARK VIEW S STN",
      "allNames": [
        "MFG PARK VIEW S STN",
        "UK FUELS D PARK VIEW S STN"
      ],
      "terminal": "Bramhall",
      "isUK": true,
      "isKey": false
    },
    "HX4 8BQ": {
      "name": "PATEL WEST VALE F STN FOR",
      "allNames": [
        "PATEL WEST VALE F STN FOR"
      ],
      "terminal": "Bramhall",
      "isUK": false,
      "isKey": false
    },
    "L33 3AY": {
      "name": "MATALAN KNOWSLEY D BR",
      "allNames": [
        "MATALAN KNOWSLEY D BR"
      ],
      "terminal": "Bramhall",
      "isUK": false,
      "isKey": false
    },
    "L33 7XS": {
      "name": "UK FUELS D GOODWIN CORP",
      "allNames": [
        "UK FUELS D GOODWIN CORP",
        "KEYFUELS D GOODWIN CORP",
        "STANDARD FUELS D BR"
      ],
      "terminal": "Bramhall",
      "isUK": true,
      "isKey": true
    },
    "L5 9TE": {
      "name": "KEYFUELS D QUAY FUELS",
      "allNames": [
        "KEYFUELS D QUAY FUELS"
      ],
      "terminal": "Bramhall",
      "isUK": false,
      "isKey": true
    },
    "L5 9ZA": {
      "name": "UK FUELS D COUNTY OILS",
      "allNames": [
        "UK FUELS D COUNTY OILS",
        "COUNTY D BR"
      ],
      "terminal": "Bramhall",
      "isUK": true,
      "isKey": false
    },
    "LA2 9DU": {
      "name": "KEYFUELS D MOTO FORTON NORTH",
      "allNames": [
        "KEYFUELS D MOTO FORTON NORTH",
        "KEYFUELS D MOTO FORTON SOUTH"
      ],
      "terminal": "Bramhall",
      "isUK": false,
      "isKey": true
    },
    "LA5 9RQ": {
      "name": "KEYFUELS D TRUCKHAVEN",
      "allNames": [
        "KEYFUELS D TRUCKHAVEN"
      ],
      "terminal": "Bramhall",
      "isUK": false,
      "isKey": true
    },
    "LA7 7NX": {
      "name": "UK FUELS D M6 DIESEL CROOKLANDS",
      "allNames": [
        "UK FUELS D M6 DIESEL CROOKLANDS"
      ],
      "terminal": "Bramhall",
      "isUK": true,
      "isKey": false
    },
    "LL3 1YR": {
      "name": "UK FUELS D MOSTYN BROADWAY S STN",
      "allNames": [
        "UK FUELS D MOSTYN BROADWAY S STN",
        "KEYFUELS D MOSTYN BROADWAY S STN"
      ],
      "terminal": "Bramhall",
      "isUK": true,
      "isKey": true
    },
    "LL30 1YR": {
      "name": "UK FUEL LTD MOSTYN BROADWAY S STN",
      "allNames": [
        "UK FUEL LTD MOSTYN BROADWAY S STN"
      ],
      "terminal": "Bramhall",
      "isUK": false,
      "isKey": false
    },
    "LS28 9AY": {
      "name": "PATEL WHARRELS S STN",
      "allNames": [
        "PATEL WHARRELS S STN",
        "UK FUELS D WHARRELS SERVICE STATION"
      ],
      "terminal": "Bramhall",
      "isUK": true,
      "isKey": false
    },
    "LS8 5DT": {
      "name": "PATEL ROSEVILLE S STN",
      "allNames": [
        "PATEL ROSEVILLE S STN",
        "KEYFUELS D ROSEVILLE SS",
        "UK FUELS D ROSEVILLE SS"
      ],
      "terminal": "Bramhall",
      "isUK": true,
      "isKey": true
    },
    "M17 1JL": {
      "name": "UK FUELS D TRAFFORD PARK S STN",
      "allNames": [
        "UK FUELS D TRAFFORD PARK S STN"
      ],
      "terminal": "Bramhall",
      "isUK": true,
      "isKey": false
    },
    "M17 1PG": {
      "name": "KEYFUELS D TRAFFORD PARK SS",
      "allNames": [
        "KEYFUELS D TRAFFORD PARK SS"
      ],
      "terminal": "Bramhall",
      "isUK": false,
      "isKey": true
    },
    "M32 0YQ": {
      "name": "KEYFUELS D TURNERS SOHAM LTD",
      "allNames": [
        "KEYFUELS D TURNERS SOHAM LTD"
      ],
      "terminal": "Bramhall",
      "isUK": false,
      "isKey": true
    },
    "PR4 0XB": {
      "name": "MASTER ENTERPRIZE LEA GATE S STN",
      "allNames": [
        "MASTER ENTERPRIZE LEA GATE S STN"
      ],
      "terminal": "Bramhall",
      "isUK": false,
      "isKey": false
    },
    "PR5 8AN": {
      "name": "UK FUELS D RIBBLE FUELS",
      "allNames": [
        "UK FUELS D RIBBLE FUELS"
      ],
      "terminal": "Bramhall",
      "isUK": true,
      "isKey": false
    },
    "PR9 8BY": {
      "name": "HERMON HODGE D BR BANKS",
      "allNames": [
        "HERMON HODGE D BR BANKS"
      ],
      "terminal": "Bramhall",
      "isUK": false,
      "isKey": false
    },
    "S2 1GE": {
      "name": "PETROGAS SHEFFIELD S/STATION",
      "allNames": [
        "PETROGAS SHEFFIELD S/STATION"
      ],
      "terminal": "Bramhall",
      "isUK": false,
      "isKey": false
    },
    "S43 1DE": {
      "name": "MFG BRIMINGTON S STN",
      "allNames": [
        "MFG BRIMINGTON S STN"
      ],
      "terminal": "Bramhall",
      "isUK": false,
      "isKey": false
    },
    "ST10 1JF": {
      "name": "STODDARDS D BR",
      "allNames": [
        "STODDARDS D BR"
      ],
      "terminal": "Bramhall",
      "isUK": false,
      "isKey": false
    },
    "WA7 3EZ": {
      "name": "KEYFUELS D M56 COUNTY OILS",
      "allNames": [
        "KEYFUELS D M56 COUNTY OILS",
        "UK FUELS D M56 DERV STOP",
        "COUNTY D BR RUNCORN"
      ],
      "terminal": "Bramhall",
      "isUK": true,
      "isKey": true
    },
    "WA9 3EZ": {
      "name": "CALDO OILS D BR",
      "allNames": [
        "CALDO OILS D BR"
      ],
      "terminal": "Bramhall",
      "isUK": false,
      "isKey": false
    },
    "WF83HU": {
      "name": "KEYFUELS D DARRINGTON S/STATION",
      "allNames": [
        "KEYFUELS D DARRINGTON S/STATION"
      ],
      "terminal": "Bramhall",
      "isUK": false,
      "isKey": true
    }
  },
  "Coryton": {
    "YO11 3NX": {
      "name": "UK FUELS D FILEY S STN",
      "allNames": [
        "UK FUELS D FILEY S STN"
      ],
      "terminal": "Coryton",
      "isUK": true,
      "isKey": false
    }
  },
  "Grangemouth": {
    "DD2 4UY": {
      "name": "UK FUELS D TAYSIDE SERV AREA",
      "allNames": [
        "UK FUELS D TAYSIDE SERV AREA"
      ],
      "terminal": "Grangemouth",
      "isUK": true,
      "isKey": false
    },
    "DD4 9BT": {
      "name": "KEYFUELS D FORFAR",
      "allNames": [
        "KEYFUELS D FORFAR",
        "UK FUELS D FORFAR",
        "MORGAN FUELS FORFAR ROAD D GR",
        "NONIS FORFAR ROAD S STN"
      ],
      "terminal": "Grangemouth",
      "isUK": true,
      "isKey": true
    },
    "DG1 3PG": {
      "name": "UK FUELS D JOHNSTONE OIL",
      "allNames": [
        "UK FUELS D JOHNSTONE OIL"
      ],
      "terminal": "Grangemouth",
      "isUK": true,
      "isKey": false
    },
    "DG2 9DX": {
      "name": "FUSCO BORDER CARS",
      "allNames": [
        "FUSCO BORDER CARS"
      ],
      "terminal": "Grangemouth",
      "isUK": false,
      "isKey": false
    },
    "DG8 6NP": {
      "name": "GALLOWAY CREEBRIDGE GARAGE",
      "allNames": [
        "GALLOWAY CREEBRIDGE GARAGE"
      ],
      "terminal": "Grangemouth",
      "isUK": false,
      "isKey": false
    },
    "EH33 1NF": {
      "name": "KEYFUELS D MACH ENTERPRISES",
      "allNames": [
        "KEYFUELS D MACH ENTERPRISES",
        "UK FUELS D MACH ENT"
      ],
      "terminal": "Grangemouth",
      "isUK": true,
      "isKey": true
    },
    "EH33 2NT": {
      "name": "STARK BIRSLEY GARAGE",
      "allNames": [
        "STARK BIRSLEY GARAGE"
      ],
      "terminal": "Grangemouth",
      "isUK": false,
      "isKey": false
    },
    "EH41 3PH": {
      "name": "AITKEN BY PASS SERVICE S STN",
      "allNames": [
        "AITKEN BY PASS SERVICE S STN"
      ],
      "terminal": "Grangemouth",
      "isUK": false,
      "isKey": false
    },
    "EH42 1DE": {
      "name": "AITKEN RIGG S STN",
      "allNames": [
        "AITKEN RIGG S STN"
      ],
      "terminal": "Grangemouth",
      "isUK": false,
      "isKey": false
    },
    "EH48 2PE": {
      "name": "KEYFUELS D ARMADALE S S",
      "allNames": [
        "KEYFUELS D ARMADALE S S",
        "BULLS ARMADALE S STN"
      ],
      "terminal": "Grangemouth",
      "isUK": false,
      "isKey": true
    },
    "EH52 6PX": {
      "name": "MFG GLENDEVON S STN",
      "allNames": [
        "MFG GLENDEVON S STN"
      ],
      "terminal": "Grangemouth",
      "isUK": false,
      "isKey": false
    },
    "EH52 6QE": {
      "name": "MFG NEWTON S STN",
      "allNames": [
        "MFG NEWTON S STN"
      ],
      "terminal": "Grangemouth",
      "isUK": false,
      "isKey": false
    },
    "EH7 6UW": {
      "name": "JUNER RESTALRIG SERVICE STATION",
      "allNames": [
        "JUNER RESTALRIG SERVICE STATION"
      ],
      "terminal": "Grangemouth",
      "isUK": false,
      "isKey": false
    },
    "FK11 7BX": {
      "name": "CLARKSON MENSTRIE F STN",
      "allNames": [
        "CLARKSON MENSTRIE F STN",
        "KEYFUELS D MENSTRIE F STN"
      ],
      "terminal": "Grangemouth",
      "isUK": false,
      "isKey": true
    },
    "FK4 1BU": {
      "name": "KEYFUELS D BONNYBRIDGE",
      "allNames": [
        "KEYFUELS D BONNYBRIDGE",
        "COWDEN BONNYBRIDGE FSTN"
      ],
      "terminal": "Grangemouth",
      "isUK": false,
      "isKey": true
    },
    "FK7 8AL": {
      "name": "ASSOCIATED AGRICULTURAL OILS D GR",
      "allNames": [
        "ASSOCIATED AGRICULTURAL OILS D GR",
        "UK FUELS D MUIRPARK GARAGE",
        "KEYFUELS D ASS AGRICULTURAL OIL LTD"
      ],
      "terminal": "Grangemouth",
      "isUK": true,
      "isKey": true
    },
    "FK7 8HQ": {
      "name": "MORRISONS GARAGE",
      "allNames": [
        "MORRISONS GARAGE"
      ],
      "terminal": "Grangemouth",
      "isUK": false,
      "isKey": false
    },
    "G15 8LW": {
      "name": "CLARKSON BOULEVARD F STN",
      "allNames": [
        "CLARKSON BOULEVARD F STN",
        "KEYFUELS D BOULEVARD F STN"
      ],
      "terminal": "Grangemouth",
      "isUK": false,
      "isKey": true
    },
    "G21 1LZ": {
      "name": "SAEED SUPERSAVE SPRINGBURN",
      "allNames": [
        "SAEED SUPERSAVE SPRINGBURN"
      ],
      "terminal": "Grangemouth",
      "isUK": false,
      "isKey": false
    },
    "G53 7RZ": {
      "name": "HIGHLAND DARNLEYMILL S/STATION",
      "allNames": [
        "HIGHLAND DARNLEYMILL S/STATION"
      ],
      "terminal": "Grangemouth",
      "isUK": false,
      "isKey": false
    },
    "G66 4EF": {
      "name": "N & S MOTORS GRAHAM GARAGE",
      "allNames": [
        "N & S MOTORS GRAHAM GARAGE"
      ],
      "terminal": "Grangemouth",
      "isUK": false,
      "isKey": false
    },
    "G67 3PD": {
      "name": "MFG ABRONHILL S STN",
      "allNames": [
        "MFG ABRONHILL S STN"
      ],
      "terminal": "Grangemouth",
      "isUK": false,
      "isKey": false
    },
    "G74 3XH": {
      "name": "PARKS OF HAMILTON EAST KILBRIDE",
      "allNames": [
        "PARKS OF HAMILTON EAST KILBRIDE"
      ],
      "terminal": "Grangemouth",
      "isUK": false,
      "isKey": false
    },
    "KA1 3LS": {
      "name": "CAMPBELL CAMPBELL FUEL OILS",
      "allNames": [
        "CAMPBELL CAMPBELL FUEL OILS"
      ],
      "terminal": "Grangemouth",
      "isUK": false,
      "isKey": false
    },
    "KA1 3LT": {
      "name": "CAMPBELL D GR HURLFORD ROAD",
      "allNames": [
        "CAMPBELL D GR HURLFORD ROAD"
      ],
      "terminal": "Grangemouth",
      "isUK": false,
      "isKey": false
    },
    "KA12 8NF": {
      "name": "KEYFUELS D SPRINGBANK S STN",
      "allNames": [
        "KEYFUELS D SPRINGBANK S STN",
        "MORGAN FUELS SPRINGBANK D GR",
        "UK FUELS D SPRINGBANK S STN",
        "ROWAN SPRINGBANK SERVICE STATION"
      ],
      "terminal": "Grangemouth",
      "isUK": true,
      "isKey": true
    },
    "KA12 8RY": {
      "name": "HIGHLAND RAVENSPARK F/STATION",
      "allNames": [
        "HIGHLAND RAVENSPARK F/STATION"
      ],
      "terminal": "Grangemouth",
      "isUK": false,
      "isKey": false
    },
    "KA18 2AB": {
      "name": "BRIDGEND AUCHINLECK",
      "allNames": [
        "BRIDGEND AUCHINLECK",
        "KEYFUELS D BRIDGEND GARAGE",
        "UK FUELS D BRIDGEND GARAGE"
      ],
      "terminal": "Grangemouth",
      "isUK": true,
      "isKey": true
    },
    "KA19 7AQ": {
      "name": "BDC FUELS JD CAMERON.",
      "allNames": [
        "BDC FUELS JD CAMERON."
      ],
      "terminal": "Grangemouth",
      "isUK": false,
      "isKey": false
    },
    "KA20 3BE": {
      "name": "MASCOT ARDEER S STN",
      "allNames": [
        "MASCOT ARDEER S STN"
      ],
      "terminal": "Grangemouth",
      "isUK": false,
      "isKey": false
    },
    "KA22 8AA": {
      "name": "PARKHOUSE GARAGE",
      "allNames": [
        "PARKHOUSE GARAGE"
      ],
      "terminal": "Grangemouth",
      "isUK": false,
      "isKey": false
    },
    "KA4 8LB": {
      "name": "MRH GALSTON",
      "allNames": [
        "MRH GALSTON",
        "KEYFUELS D MRH GALSTON"
      ],
      "terminal": "Grangemouth",
      "isUK": false,
      "isKey": true
    },
    "KA6 7SJ": {
      "name": "GIBSON AYR ROAD S STN",
      "allNames": [
        "GIBSON AYR ROAD S STN",
        "UK FUELS D AYR ROAD SS"
      ],
      "terminal": "Grangemouth",
      "isUK": true,
      "isKey": false
    },
    "KY11 3AF": {
      "name": "MOTOR FUEL BOTHWELL S STN",
      "allNames": [
        "MOTOR FUEL BOTHWELL S STN"
      ],
      "terminal": "Grangemouth",
      "isUK": false,
      "isKey": false
    },
    "KY8 5JN": {
      "name": "HIGHLAND SANDY BRAE S STN",
      "allNames": [
        "HIGHLAND SANDY BRAE S STN"
      ],
      "terminal": "Grangemouth",
      "isUK": false,
      "isKey": false
    },
    "ML1 3DU": {
      "name": "PARKS OF HAMILTON MOTHERWELL",
      "allNames": [
        "PARKS OF HAMILTON MOTHERWELL"
      ],
      "terminal": "Grangemouth",
      "isUK": false,
      "isKey": false
    },
    "ML1 5AL": {
      "name": "PARKS OF HAMILTON M & J CARFIN",
      "allNames": [
        "PARKS OF HAMILTON M & J CARFIN"
      ],
      "terminal": "Grangemouth",
      "isUK": false,
      "isKey": false
    },
    "ML11 0JU": {
      "name": "UK FUELS D CAIRN LODGE FS",
      "allNames": [
        "UK FUELS D CAIRN LODGE FS"
      ],
      "terminal": "Grangemouth",
      "isUK": true,
      "isKey": false
    },
    "ML2 8HF": {
      "name": "KEYFUELS D COOPER BROS",
      "allNames": [
        "KEYFUELS D COOPER BROS",
        "UK FUELS D COOPER BROS",
        "COOPER BROTHERS"
      ],
      "terminal": "Grangemouth",
      "isUK": true,
      "isKey": true
    },
    "ML3 0AY": {
      "name": "PARKS OF HAMILTON TOWNHEAD GARAGE",
      "allNames": [
        "PARKS OF HAMILTON TOWNHEAD GARAGE"
      ],
      "terminal": "Grangemouth",
      "isUK": false,
      "isKey": false
    },
    "ML3 7TN": {
      "name": "PARKS OF HAMILTON STRATHAVEN RD",
      "allNames": [
        "PARKS OF HAMILTON STRATHAVEN RD"
      ],
      "terminal": "Grangemouth",
      "isUK": false,
      "isKey": false
    },
    "ML5 4RX": {
      "name": "PARKS OF HAMILTON PARK LANE S STN",
      "allNames": [
        "PARKS OF HAMILTON PARK LANE S STN"
      ],
      "terminal": "Grangemouth",
      "isUK": false,
      "isKey": false
    },
    "NE71 6QP": {
      "name": "KEYFUELS D HAUGH HEAD GARAGE",
      "allNames": [
        "KEYFUELS D HAUGH HEAD GARAGE",
        "UK FUELS D HAUGH HEAD GARAGE",
        "EAGLE ROAD HAUGH HEAD GARAGE"
      ],
      "terminal": "Grangemouth",
      "isUK": true,
      "isKey": true
    },
    "PA2 7BE": {
      "name": "CAMPBELL D GR HAWKHEAD ROAD",
      "allNames": [
        "CAMPBELL D GR HAWKHEAD ROAD",
        "FINE FUEL HAWKHEAD STN"
      ],
      "terminal": "Grangemouth",
      "isUK": false,
      "isKey": false
    },
    "PA2 8PL": {
      "name": "HIGHLAND SHEILING S STN",
      "allNames": [
        "HIGHLAND SHEILING S STN"
      ],
      "terminal": "Grangemouth",
      "isUK": false,
      "isKey": false
    },
    "PA23 8QT": {
      "name": "KEYFUELS D COT HOUSE SERVICES",
      "allNames": [
        "KEYFUELS D COT HOUSE SERVICES",
        "UK FUELS D COT HOUSE SERVICES",
        "MORGAN FUELS COT HOUSE D GR",
        "MURRAY COT HOUSE SERVICES"
      ],
      "terminal": "Grangemouth",
      "isUK": true,
      "isKey": true
    },
    "PA4 9AE": {
      "name": "DULAI ABBOTSINCH S STN",
      "allNames": [
        "DULAI ABBOTSINCH S STN"
      ],
      "terminal": "Grangemouth",
      "isUK": false,
      "isKey": false
    },
    "PH1 3HY": {
      "name": "TRISTAN PETROLEUM LTD",
      "allNames": [
        "TRISTAN PETROLEUM LTD"
      ],
      "terminal": "Grangemouth",
      "isUK": false,
      "isKey": false
    },
    "PH1 3NZ": {
      "name": "KEYFUELS D ALMOND BANK SS",
      "allNames": [
        "KEYFUELS D ALMOND BANK SS"
      ],
      "terminal": "Grangemouth",
      "isUK": false,
      "isKey": true
    },
    "PH10 6DQ": {
      "name": "L GARDINER BLAIRGOWRIE SS",
      "allNames": [
        "L GARDINER BLAIRGOWRIE SS"
      ],
      "terminal": "Grangemouth",
      "isUK": false,
      "isKey": false
    },
    "PH15 2AF": {
      "name": "CO OP ABERFELDY F STN",
      "allNames": [
        "CO OP ABERFELDY F STN"
      ],
      "terminal": "Grangemouth",
      "isUK": false,
      "isKey": false
    },
    "PH2 8AR": {
      "name": "KEYFUELS D SOUTH INCH SELF SERV",
      "allNames": [
        "KEYFUELS D SOUTH INCH SELF SERV",
        "UK FUELS D SOUTH INCH FILLING STN",
        "J R PETROLEUM SOUTH INCH"
      ],
      "terminal": "Grangemouth",
      "isUK": true,
      "isKey": true
    },
    "PH9 0LG": {
      "name": "UK FUELS D BALLINLUIG F STN",
      "allNames": [
        "UK FUELS D BALLINLUIG F STN"
      ],
      "terminal": "Grangemouth",
      "isUK": true,
      "isKey": false
    },
    "TD11 3LR": {
      "name": "AITKEN WALKER DUNS S STN",
      "allNames": [
        "AITKEN WALKER DUNS S STN",
        "KEYFUELS D DUNS S STN"
      ],
      "terminal": "Grangemouth",
      "isUK": false,
      "isKey": true
    },
    "TD4 6DF": {
      "name": "CO OP EARLSTON F STN",
      "allNames": [
        "CO OP EARLSTON F STN"
      ],
      "terminal": "Grangemouth",
      "isUK": false,
      "isKey": false
    },
    "TD5 8AY": {
      "name": "MAXWELL MOTORS",
      "allNames": [
        "MAXWELL MOTORS",
        "UK FUELS D MAXWELL MOTORS F STN"
      ],
      "terminal": "Grangemouth",
      "isUK": true,
      "isKey": false
    }
  },
  "Grays": {
    "MK43 7TA": {
      "name": "BARTON D GRAYS OAKLEY",
      "allNames": [
        "BARTON D GRAYS OAKLEY"
      ],
      "terminal": "Grays",
      "isUK": false,
      "isKey": false
    },
    "RG27 9HU": {
      "name": "RAWLINGS D GRAYS",
      "allNames": [
        "RAWLINGS D GRAYS"
      ],
      "terminal": "Grays",
      "isUK": false,
      "isKey": false
    },
    "RM15 4YD": {
      "name": "CANUTE D GRAYS",
      "allNames": [
        "CANUTE D GRAYS"
      ],
      "terminal": "Grays",
      "isUK": false,
      "isKey": false
    },
    "SG6 1HJ": {
      "name": "STEVENAGE OIL CO D GRAYS",
      "allNames": [
        "STEVENAGE OIL CO D GRAYS"
      ],
      "terminal": "Grays",
      "isUK": false,
      "isKey": false
    },
    "WD24 7GP": {
      "name": "BARTON D GRAYS WATFORD",
      "allNames": [
        "BARTON D GRAYS WATFORD"
      ],
      "terminal": "Grays",
      "isUK": false,
      "isKey": false
    }
  },
  "Inverness": {
    "IV40 8HB": {
      "name": "CARR INVERINATE SERVICE STATION",
      "allNames": [
        "CARR INVERINATE SERVICE STATION"
      ],
      "terminal": "Inverness",
      "isUK": false,
      "isKey": false
    }
  },
  "IPC": {
    "B35 7BT": {
      "name": "FLOGAS BIRMINGHAM PRO",
      "allNames": [
        "FLOGAS BIRMINGHAM PRO"
      ],
      "terminal": "IPC",
      "isUK": false,
      "isKey": false
    },
    "BD21 1BB": {
      "name": "KEYFUELS D BROBOT KEIGHLEY",
      "allNames": [
        "KEYFUELS D BROBOT KEIGHLEY",
        "UK FUELS D BROBOT KEIGHLEY",
        "BROBOT KEIGHLEY"
      ],
      "terminal": "IPC",
      "isUK": true,
      "isKey": true
    },
    "CH5 2QJ": {
      "name": "CAMBRIAN QUEENSFERRY PRO",
      "allNames": [
        "CAMBRIAN QUEENSFERRY PRO",
        "CAMBRIAN QUEENSFERRY BUT"
      ],
      "terminal": "IPC",
      "isUK": false,
      "isKey": false
    },
    "DE23 6QF": {
      "name": "BROBOT LITTLEOVER",
      "allNames": [
        "BROBOT LITTLEOVER"
      ],
      "terminal": "IPC",
      "isUK": false,
      "isKey": false
    },
    "DE4 2HY": {
      "name": "KEYFUELS D A6 TRUCKSTOP",
      "allNames": [
        "KEYFUELS D A6 TRUCKSTOP"
      ],
      "terminal": "IPC",
      "isUK": false,
      "isKey": true
    },
    "DE5 6EW": {
      "name": "KEYFUELS D STRETTON BROBOT",
      "allNames": [
        "KEYFUELS D STRETTON BROBOT"
      ],
      "terminal": "IPC",
      "isUK": false,
      "isKey": true
    },
    "DE55 6EW": {
      "name": "BROBOT STRETTON",
      "allNames": [
        "BROBOT STRETTON"
      ],
      "terminal": "IPC",
      "isUK": false,
      "isKey": false
    },
    "DE56 1JL": {
      "name": "BHATHAL SINGH POTTERIES S STN",
      "allNames": [
        "BHATHAL SINGH POTTERIES S STN"
      ],
      "terminal": "IPC",
      "isUK": false,
      "isKey": false
    },
    "DH4 6DU": {
      "name": "PAR D IM",
      "allNames": [
        "PAR D IM"
      ],
      "terminal": "IPC",
      "isUK": false,
      "isKey": false
    },
    "DN11 9QP": {
      "name": "TICKHILL GARAGE LTD",
      "allNames": [
        "TICKHILL GARAGE LTD"
      ],
      "terminal": "IPC",
      "isUK": false,
      "isKey": false
    },
    "DN14 7TA": {
      "name": "PETROGAS HOWDEN S/STATION",
      "allNames": [
        "PETROGAS HOWDEN S/STATION"
      ],
      "terminal": "IPC",
      "isUK": false,
      "isKey": false
    },
    "DN15 6AJ": {
      "name": "MFG STEELMAKERS S STN",
      "allNames": [
        "MFG STEELMAKERS S STN",
        "KEYFUELS D STEELMAKERS S STN"
      ],
      "terminal": "IPC",
      "isUK": false,
      "isKey": true
    },
    "DN16 2AQ": {
      "name": "PETROGAS SCUNTHORPE S/STATION",
      "allNames": [
        "PETROGAS SCUNTHORPE S/STATION"
      ],
      "terminal": "IPC",
      "isUK": false,
      "isKey": false
    },
    "DN16 3BJ": {
      "name": "MFG SCUNTHORPE S STN",
      "allNames": [
        "MFG SCUNTHORPE S STN"
      ],
      "terminal": "IPC",
      "isUK": false,
      "isKey": false
    },
    "DN17 2BJ": {
      "name": "MRH WESTCLIFFE",
      "allNames": [
        "MRH WESTCLIFFE",
        "KEYFUELS D MRH WESTCLIFFE"
      ],
      "terminal": "IPC",
      "isUK": false,
      "isKey": true
    },
    "DN2 4NF": {
      "name": "MOTOR FUEL HARVEST S STN",
      "allNames": [
        "MOTOR FUEL HARVEST S STN"
      ],
      "terminal": "IPC",
      "isUK": false,
      "isKey": false
    },
    "DN21 1JU": {
      "name": "MFG BRIDGE S STN",
      "allNames": [
        "MFG BRIDGE S STN",
        "KEYFUELS D BRIDGE S STN"
      ],
      "terminal": "IPC",
      "isUK": false,
      "isKey": true
    },
    "DN22 9BL": {
      "name": "EDF ENERGY D IM",
      "allNames": [
        "EDF ENERGY D IM"
      ],
      "terminal": "IPC",
      "isUK": false,
      "isKey": false
    },
    "DN22 0QL": {
      "name": "CANUTE D IM",
      "allNames": [
        "CANUTE D IM"
      ],
      "terminal": "IPC",
      "isUK": false,
      "isKey": false
    },
    "DN22 7JG": {
      "name": "VASEEHARAN WHITEHOUSES S STN",
      "allNames": [
        "VASEEHARAN WHITEHOUSES S STN"
      ],
      "terminal": "IPC",
      "isUK": false,
      "isKey": false
    },
    "DN3 3AE": {
      "name": "INTAKE INTAKE 10",
      "allNames": [
        "INTAKE INTAKE 10"
      ],
      "terminal": "IPC",
      "isUK": false,
      "isKey": false
    },
    "DN31 2BA": {
      "name": "MFG ROUNDHEAD S STN",
      "allNames": [
        "MFG ROUNDHEAD S STN"
      ],
      "terminal": "IPC",
      "isUK": false,
      "isKey": false
    },
    "DN33 2BG": {
      "name": "MRH ST MARTINS",
      "allNames": [
        "MRH ST MARTINS"
      ],
      "terminal": "IPC",
      "isUK": false,
      "isKey": false
    },
    "DN33 2PZ": {
      "name": "MFG MARINERS S STN",
      "allNames": [
        "MFG MARINERS S STN"
      ],
      "terminal": "IPC",
      "isUK": false,
      "isKey": false
    },
    "DN4 0JL": {
      "name": "MFG DONCASTER S STN",
      "allNames": [
        "MFG DONCASTER S STN"
      ],
      "terminal": "IPC",
      "isUK": false,
      "isKey": false
    },
    "DN40 3DJ": {
      "name": "UK FUELS D REFINERY FILLING STATION",
      "allNames": [
        "UK FUELS D REFINERY FILLING STATION",
        "KEYFUELS D REFINERY FILLING STATION",
        "NJB SERVICES REFINERY F STN"
      ],
      "terminal": "IPC",
      "isUK": true,
      "isKey": true
    },
    "DN7 4BS": {
      "name": "BARRIECARS DUNSVILLE",
      "allNames": [
        "BARRIECARS DUNSVILLE"
      ],
      "terminal": "IPC",
      "isUK": false,
      "isKey": false
    },
    "DN7 4JP": {
      "name": "MFG DUNSCROFT S STN",
      "allNames": [
        "MFG DUNSCROFT S STN",
        "KEYFUELS D DUNSCROFT S STN"
      ],
      "terminal": "IPC",
      "isUK": false,
      "isKey": true
    },
    "DN8 4JD": {
      "name": "SK FUELS SMALLEYS GARAGE",
      "allNames": [
        "SK FUELS SMALLEYS GARAGE"
      ],
      "terminal": "IPC",
      "isUK": false,
      "isKey": false
    },
    "DN8 5GS": {
      "name": "KEYFUELS D MOTO DONCASTER NORTH",
      "allNames": [
        "KEYFUELS D MOTO DONCASTER NORTH",
        "CH JONES MOTO DONCASTER SFGO"
      ],
      "terminal": "IPC",
      "isUK": false,
      "isKey": true
    },
    "DN9 1LR": {
      "name": "SK FUEL CENTRAL GARAGE",
      "allNames": [
        "SK FUEL CENTRAL GARAGE"
      ],
      "terminal": "IPC",
      "isUK": false,
      "isKey": false
    },
    "HD3 3BX": {
      "name": "KEYFUELS D BIRCHENCLIFFE S STN",
      "allNames": [
        "KEYFUELS D BIRCHENCLIFFE S STN"
      ],
      "terminal": "IPC",
      "isUK": false,
      "isKey": true
    },
    "HD3 4QA": {
      "name": "CJ STERN SCAR LANE MOTORS",
      "allNames": [
        "CJ STERN SCAR LANE MOTORS"
      ],
      "terminal": "IPC",
      "isUK": false,
      "isKey": false
    },
    "HD8 8BL": {
      "name": "KEYFUELS D SOVEREIGN S STN",
      "allNames": [
        "KEYFUELS D SOVEREIGN S STN"
      ],
      "terminal": "IPC",
      "isUK": false,
      "isKey": true
    },
    "HG3 1ER": {
      "name": "MFG EAGLE THREE S STN",
      "allNames": [
        "MFG EAGLE THREE S STN"
      ],
      "terminal": "IPC",
      "isUK": false,
      "isKey": false
    },
    "HU11 5JX": {
      "name": "KEYFUELS D OASIS GARAGE",
      "allNames": [
        "KEYFUELS D OASIS GARAGE",
        "BLAKE BROTHERS OASIS"
      ],
      "terminal": "IPC",
      "isUK": false,
      "isKey": true
    },
    "HU14 3HH": {
      "name": "MFG NORTH FERRIBY S STN",
      "allNames": [
        "MFG NORTH FERRIBY S STN",
        "KEYFUELS D NORTH FERRIBY S STN"
      ],
      "terminal": "IPC",
      "isUK": false,
      "isKey": true
    },
    "HU15 2BY": {
      "name": "LPG DIRECT NORTHERN D ACC",
      "allNames": [
        "LPG DIRECT NORTHERN D ACC"
      ],
      "terminal": "IPC",
      "isUK": false,
      "isKey": false
    },
    "HU17 9DH": {
      "name": "MFG BEVERLEY S STN",
      "allNames": [
        "MFG BEVERLEY S STN"
      ],
      "terminal": "IPC",
      "isUK": false,
      "isKey": false
    },
    "HU5 2LD": {
      "name": "MRH MAYFAIR",
      "allNames": [
        "MRH MAYFAIR",
        "KEYFUELS D MRH MAYFAIR"
      ],
      "terminal": "IPC",
      "isUK": false,
      "isKey": true
    },
    "HU5 3QA": {
      "name": "MFG PRINCES AVENUE S STN",
      "allNames": [
        "MFG PRINCES AVENUE S STN"
      ],
      "terminal": "IPC",
      "isUK": false,
      "isKey": false
    },
    "HU7 0AG": {
      "name": "SK FUELS SUTTON ROAD",
      "allNames": [
        "SK FUELS SUTTON ROAD"
      ],
      "terminal": "IPC",
      "isUK": false,
      "isKey": false
    },
    "HU7 0EG": {
      "name": "MFG STONEFERRY NORTH S STN",
      "allNames": [
        "MFG STONEFERRY NORTH S STN",
        "UK FUELS D STONEFERRY NORTH S STN"
      ],
      "terminal": "IPC",
      "isUK": true,
      "isKey": false
    },
    "HX2 7NB": {
      "name": "CJ STERN COTE HILL S STN",
      "allNames": [
        "CJ STERN COTE HILL S STN"
      ],
      "terminal": "IPC",
      "isUK": false,
      "isKey": false
    },
    "LA6 2NE": {
      "name": "BDS FUELS PRO",
      "allNames": [
        "BDS FUELS PRO"
      ],
      "terminal": "IPC",
      "isUK": false,
      "isKey": false
    },
    "LE15 9DL": {
      "name": "KEYFUELS D ADAMS & SONS",
      "allNames": [
        "KEYFUELS D ADAMS & SONS",
        "ADAMS & SONS ADAMS GARAGE",
        "UK FUELS D ADAMS & SONS",
        "MORGAN FUELS ADAMS AND SONS D"
      ],
      "terminal": "IPC",
      "isUK": true,
      "isKey": true
    },
    "LE15 9RN": {
      "name": "CENTRAL GARAGE SYCAMORES S STN",
      "allNames": [
        "CENTRAL GARAGE SYCAMORES S STN"
      ],
      "terminal": "IPC",
      "isUK": false,
      "isKey": false
    },
    "LN11 0WB": {
      "name": "WATSON D IM LOUTH FORMULA",
      "allNames": [
        "WATSON D IM LOUTH FORMULA"
      ],
      "terminal": "IPC",
      "isUK": false,
      "isKey": false
    },
    "LN12 1PX": {
      "name": "KRISH EMPIRE GARAGE D IM",
      "allNames": [
        "KRISH EMPIRE GARAGE D IM"
      ],
      "terminal": "IPC",
      "isUK": false,
      "isKey": false
    },
    "LN2 4QY": {
      "name": "UK FUELS D WRAGBY ROAD SS",
      "allNames": [
        "UK FUELS D WRAGBY ROAD SS",
        "KEYFUELS D WRAGBY RD S STN"
      ],
      "terminal": "IPC",
      "isUK": true,
      "isKey": true
    },
    "LN2 4RA": {
      "name": "GRADEBROOK WRAGBY ROAD F/STATION",
      "allNames": [
        "GRADEBROOK WRAGBY ROAD F/STATION"
      ],
      "terminal": "IPC",
      "isUK": false,
      "isKey": false
    },
    "LN5 9NJ": {
      "name": "BROBOT WADDINGTON S STN",
      "allNames": [
        "BROBOT WADDINGTON S STN"
      ],
      "terminal": "IPC",
      "isUK": false,
      "isKey": false
    },
    "LN6 9NP": {
      "name": "VASEEHARAN NESHAHRAN RAMPER S STN",
      "allNames": [
        "VASEEHARAN NESHAHRAN RAMPER S STN"
      ],
      "terminal": "IPC",
      "isUK": false,
      "isKey": false
    },
    "LS10 1JU": {
      "name": "MFG APOLLO S STN",
      "allNames": [
        "MFG APOLLO S STN",
        "UK FUELS D APOLLO S STN"
      ],
      "terminal": "IPC",
      "isUK": true,
      "isKey": false
    },
    "LS22 5HF": {
      "name": "KEYFUELS D MOTO WETHERBY",
      "allNames": [
        "KEYFUELS D MOTO WETHERBY"
      ],
      "terminal": "IPC",
      "isUK": false,
      "isKey": true
    },
    "LS28 6HQ": {
      "name": "MFG EUROPA S STN",
      "allNames": [
        "MFG EUROPA S STN",
        "UK FUELS D EUROPA S STN"
      ],
      "terminal": "IPC",
      "isUK": true,
      "isKey": false
    },
    "LS28 9AY": {
      "name": "KEYFUELS D WHARRELS SS",
      "allNames": [
        "KEYFUELS D WHARRELS SS"
      ],
      "terminal": "IPC",
      "isUK": false,
      "isKey": true
    },
    "LS7 2JD": {
      "name": "KEYFUELS D MALTHURST PHOENIX",
      "allNames": [
        "KEYFUELS D MALTHURST PHOENIX",
        "MRH PHOENIX F STN"
      ],
      "terminal": "IPC",
      "isUK": false,
      "isKey": true
    },
    "M17 1SE": {
      "name": "EQUALRESPONSE D PRO",
      "allNames": [
        "EQUALRESPONSE D PRO"
      ],
      "terminal": "IPC",
      "isUK": false,
      "isKey": false
    },
    "NG13 8LA": {
      "name": "KEYFUELS D PYLON S STN",
      "allNames": [
        "KEYFUELS D PYLON S STN",
        "BROBOT EAST BRIDGFORD"
      ],
      "terminal": "IPC",
      "isUK": false,
      "isKey": true
    },
    "NG14 6NW": {
      "name": "KEYFUELS D BROBOT CALVERTON",
      "allNames": [
        "KEYFUELS D BROBOT CALVERTON",
        "BROBOT CALVERTON S STN"
      ],
      "terminal": "IPC",
      "isUK": false,
      "isKey": true
    },
    "NG17 3DT": {
      "name": "BROBOT SKEGBY",
      "allNames": [
        "BROBOT SKEGBY"
      ],
      "terminal": "IPC",
      "isUK": false,
      "isKey": false
    },
    "NG21 0JX": {
      "name": "KEYFUELS D BROBOT MANSFIELD",
      "allNames": [
        "KEYFUELS D BROBOT MANSFIELD",
        "BROBOT RAINWORTH"
      ],
      "terminal": "IPC",
      "isUK": false,
      "isKey": true
    },
    "NG24 2DF": {
      "name": "MFG INTERCHANGE S STN",
      "allNames": [
        "MFG INTERCHANGE S STN",
        "KEYFUELS D INTERCHANGE S STN"
      ],
      "terminal": "IPC",
      "isUK": false,
      "isKey": true
    },
    "NG24 4EQ": {
      "name": "KEYFUELS D BROBOT NEWARK",
      "allNames": [
        "KEYFUELS D BROBOT NEWARK",
        "BROBOT NEWARK"
      ],
      "terminal": "IPC",
      "isUK": false,
      "isKey": true
    },
    "NG24 4SE": {
      "name": "BLAKEMORE NEWARK",
      "allNames": [
        "BLAKEMORE NEWARK"
      ],
      "terminal": "IPC",
      "isUK": false,
      "isKey": false
    },
    "NG31 8BZ": {
      "name": "KEYFUELS D BROBOT GRANTHAM",
      "allNames": [
        "KEYFUELS D BROBOT GRANTHAM",
        "BROBOT GRANTHAM S STN",
        "UK FUELS D BROBOT GRANTHAM"
      ],
      "terminal": "IPC",
      "isUK": true,
      "isKey": true
    },
    "NG33 5JL": {
      "name": "SPRING LANE JUBILEE S STN",
      "allNames": [
        "SPRING LANE JUBILEE S STN"
      ],
      "terminal": "IPC",
      "isUK": false,
      "isKey": false
    },
    "PE1 5YD": {
      "name": "FLOGAS PETERBOROUGH PRO",
      "allNames": [
        "FLOGAS PETERBOROUGH PRO"
      ],
      "terminal": "IPC",
      "isUK": false,
      "isKey": false
    },
    "PE13 2RD": {
      "name": "WATSON D IM WISBECH FORM",
      "allNames": [
        "WATSON D IM WISBECH FORM"
      ],
      "terminal": "IPC",
      "isUK": false,
      "isKey": false
    },
    "PE13 2TZ": {
      "name": "CPS D IM",
      "allNames": [
        "CPS D IM"
      ],
      "terminal": "IPC",
      "isUK": false,
      "isKey": false
    },
    "PE20 3QF": {
      "name": "KEYFUELS D FOUR WINDS",
      "allNames": [
        "KEYFUELS D FOUR WINDS",
        "UK FUELS D FOUR WINDS",
        "HECKINGTON FOUR WINDS"
      ],
      "terminal": "IPC",
      "isUK": true,
      "isKey": true
    },
    "PE22 0PH": {
      "name": "JJ FUELS D IM",
      "allNames": [
        "JJ FUELS D IM"
      ],
      "terminal": "IPC",
      "isUK": false,
      "isKey": false
    },
    "PE22 9PJ": {
      "name": "FOLD HILL OLD LEAKE PRO",
      "allNames": [
        "FOLD HILL OLD LEAKE PRO"
      ],
      "terminal": "IPC",
      "isUK": false,
      "isKey": false
    },
    "PE30 4PR": {
      "name": "MRH GAYWOOD",
      "allNames": [
        "MRH GAYWOOD",
        "KEYFUELS D MRH GAYWOOD"
      ],
      "terminal": "IPC",
      "isUK": false,
      "isKey": true
    },
    "PE38 9QY": {
      "name": "KEYFUELS D BROOMHILL F STN",
      "allNames": [
        "KEYFUELS D BROOMHILL F STN",
        "UK FUELS D BROOMHILL FS",
        "DOWNHAM BROOMHILL S STN"
      ],
      "terminal": "IPC",
      "isUK": true,
      "isKey": true
    },
    "PE4 6LQ": {
      "name": "KEYFUELS D WOODRANGE",
      "allNames": [
        "KEYFUELS D WOODRANGE",
        "UK FUELS D WOODRANGE SS",
        "WOODGRANGE SERVICE STATION LTD"
      ],
      "terminal": "IPC",
      "isUK": true,
      "isKey": true
    },
    "PE9 4RN": {
      "name": "UK FUELS D TALLINGTON",
      "allNames": [
        "UK FUELS D TALLINGTON",
        "KEYFUELS D TALLINGTON",
        "VASEEHARAN TALLINGTON S STN ."
      ],
      "terminal": "IPC",
      "isUK": true,
      "isKey": true
    },
    "PR2 5NQ": {
      "name": "PREMIER LPG D IM",
      "allNames": [
        "PREMIER LPG D IM"
      ],
      "terminal": "IPC",
      "isUK": false,
      "isKey": false
    },
    "S13 9WF": {
      "name": "BROBOT WOODHOUSE",
      "allNames": [
        "BROBOT WOODHOUSE"
      ],
      "terminal": "IPC",
      "isUK": false,
      "isKey": false
    },
    "S18 8YN": {
      "name": "INTAKE INTAKE 9",
      "allNames": [
        "INTAKE INTAKE 9"
      ],
      "terminal": "IPC",
      "isUK": false,
      "isKey": false
    },
    "S25 3QY": {
      "name": "BROBOT DINNINGTON",
      "allNames": [
        "BROBOT DINNINGTON"
      ],
      "terminal": "IPC",
      "isUK": false,
      "isKey": false
    },
    "S35 4JB": {
      "name": "KEYFUELS D MALTHURST CROWN",
      "allNames": [
        "KEYFUELS D MALTHURST CROWN",
        "MRH CROWN F STN"
      ],
      "terminal": "IPC",
      "isUK": false,
      "isKey": true
    },
    "S36 4HG": {
      "name": "WAVIN HAZLEHEAD BUT",
      "allNames": [
        "WAVIN HAZLEHEAD BUT"
      ],
      "terminal": "IPC",
      "isUK": false,
      "isKey": false
    },
    "S36 8AF": {
      "name": "AA A AB ZA BHAM PARTNERS",
      "allNames": [
        "AA A AB ZA BHAM PARTNERS"
      ],
      "terminal": "IPC",
      "isUK": false,
      "isKey": false
    },
    "S4 8GF": {
      "name": "HUSSAIN OWLER LN FSTN",
      "allNames": [
        "HUSSAIN OWLER LN FSTN",
        "KEYFUELS D OWLER SS",
        "UK FUELS D OWLER LANE S STN"
      ],
      "terminal": "IPC",
      "isUK": true,
      "isKey": true
    },
    "S43 3YN": {
      "name": "FLOGAS STAVELEY PRO",
      "allNames": [
        "FLOGAS STAVELEY PRO"
      ],
      "terminal": "IPC",
      "isUK": false,
      "isKey": false
    },
    "S6 2BY": {
      "name": "BROBOT HILLSBOROUGH",
      "allNames": [
        "BROBOT HILLSBOROUGH"
      ],
      "terminal": "IPC",
      "isUK": false,
      "isKey": false
    },
    "S60 1HT": {
      "name": "MFG MASBROUGH S STN",
      "allNames": [
        "MFG MASBROUGH S STN"
      ],
      "terminal": "IPC",
      "isUK": false,
      "isKey": false
    },
    "S60 2PE": {
      "name": "MFG JOLLY MILLER S STN",
      "allNames": [
        "MFG JOLLY MILLER S STN"
      ],
      "terminal": "IPC",
      "isUK": false,
      "isKey": false
    },
    "S60 4HQ": {
      "name": "COX SITWELL F STN",
      "allNames": [
        "COX SITWELL F STN"
      ],
      "terminal": "IPC",
      "isUK": false,
      "isKey": false
    },
    "S61 2DX": {
      "name": "HUSSAIN MEADOWBANK FSTN",
      "allNames": [
        "HUSSAIN MEADOWBANK FSTN",
        "KEYFUELS D MEADOWBANK SS",
        "UK FUELS D MEADOW BANK S STN"
      ],
      "terminal": "IPC",
      "isUK": true,
      "isKey": true
    },
    "S63 6DQ": {
      "name": "INTAKE INTAKE 6",
      "allNames": [
        "INTAKE INTAKE 6"
      ],
      "terminal": "IPC",
      "isUK": false,
      "isKey": false
    },
    "S64 0HL": {
      "name": "INTAKE INTAKE 4",
      "allNames": [
        "INTAKE INTAKE 4"
      ],
      "terminal": "IPC",
      "isUK": false,
      "isKey": false
    },
    "S64 8AP": {
      "name": "MFG SWINTON S STN",
      "allNames": [
        "MFG SWINTON S STN",
        "UK FUELS D SWINTON S STN"
      ],
      "terminal": "IPC",
      "isUK": true,
      "isKey": false
    },
    "S64 9HD": {
      "name": "INTAKE INTAKE 7",
      "allNames": [
        "INTAKE INTAKE 7"
      ],
      "terminal": "IPC",
      "isUK": false,
      "isKey": false
    },
    "S70 1YB": {
      "name": "INTAKE INTAKE 3",
      "allNames": [
        "INTAKE INTAKE 3"
      ],
      "terminal": "IPC",
      "isUK": false,
      "isKey": false
    },
    "S71 2DD": {
      "name": "INTAKE INTAKE 2",
      "allNames": [
        "INTAKE INTAKE 2"
      ],
      "terminal": "IPC",
      "isUK": false,
      "isKey": false
    },
    "S71 2PA": {
      "name": "INTAKE INTAKE 5",
      "allNames": [
        "INTAKE INTAKE 5"
      ],
      "terminal": "IPC",
      "isUK": false,
      "isKey": false
    },
    "S71 4NJ": {
      "name": "BROBOT ROYSTON",
      "allNames": [
        "BROBOT ROYSTON"
      ],
      "terminal": "IPC",
      "isUK": false,
      "isKey": false
    },
    "S74 0ET": {
      "name": "BROBOT HOYLAND",
      "allNames": [
        "BROBOT HOYLAND"
      ],
      "terminal": "IPC",
      "isUK": false,
      "isKey": false
    },
    "S74 0PY": {
      "name": "SK FUEL CROSS KEYS",
      "allNames": [
        "SK FUEL CROSS KEYS"
      ],
      "terminal": "IPC",
      "isUK": false,
      "isKey": false
    },
    "S75 2DZ": {
      "name": "INTAKE INTAKE 1.",
      "allNames": [
        "INTAKE INTAKE 1."
      ],
      "terminal": "IPC",
      "isUK": false,
      "isKey": false
    },
    "S75 6JX": {
      "name": "SK FUEL TURNPIKE",
      "allNames": [
        "SK FUEL TURNPIKE"
      ],
      "terminal": "IPC",
      "isUK": false,
      "isKey": false
    },
    "S80 1UE": {
      "name": "PRABAKARAN GATEFORD SERVICE STN",
      "allNames": [
        "PRABAKARAN GATEFORD SERVICE STN"
      ],
      "terminal": "IPC",
      "isUK": false,
      "isKey": false
    },
    "SK15 1PT": {
      "name": "CHESH WORK STALYBRIDGE BUT",
      "allNames": [
        "CHESH WORK STALYBRIDGE BUT",
        "CHESH WORK STALYBRIDGE PRO"
      ],
      "terminal": "IPC",
      "isUK": false,
      "isKey": false
    },
    "WF1 3NS": {
      "name": "MFG JACOBS WELL S STN",
      "allNames": [
        "MFG JACOBS WELL S STN"
      ],
      "terminal": "IPC",
      "isUK": false,
      "isKey": false
    },
    "WF10 4RS": {
      "name": "KEYFUELS D GLASS HOUGHTON SSTN",
      "allNames": [
        "KEYFUELS D GLASS HOUGHTON SSTN"
      ],
      "terminal": "IPC",
      "isUK": false,
      "isKey": true
    },
    "WF10 5QH": {
      "name": "KEYFUELS D EXELBY SERVICES",
      "allNames": [
        "KEYFUELS D EXELBY SERVICES",
        "UK FUELS D EXELBY"
      ],
      "terminal": "IPC",
      "isUK": true,
      "isKey": true
    },
    "WF12 7QW": {
      "name": "CUNDALL CHIDSWELL S STN",
      "allNames": [
        "CUNDALL CHIDSWELL S STN"
      ],
      "terminal": "IPC",
      "isUK": false,
      "isKey": false
    },
    "WF4 5PT": {
      "name": "SK FUEL HORBURY BRIDGE AUTOPOINT",
      "allNames": [
        "SK FUEL HORBURY BRIDGE AUTOPOINT"
      ],
      "terminal": "IPC",
      "isUK": false,
      "isKey": false
    },
    "WF4 5QA": {
      "name": "SK FUEL VIADUCT F STN",
      "allNames": [
        "SK FUEL VIADUCT F STN"
      ],
      "terminal": "IPC",
      "isUK": false,
      "isKey": false
    },
    "WF5 9AD": {
      "name": "KEYFUELS D OSSETT SS",
      "allNames": [
        "KEYFUELS D OSSETT SS",
        "PINDERCO OSSETT S/STN"
      ],
      "terminal": "IPC",
      "isUK": false,
      "isKey": true
    },
    "WF6 2HL": {
      "name": "SK FUEL PROSPECT GARAGE",
      "allNames": [
        "SK FUEL PROSPECT GARAGE"
      ],
      "terminal": "IPC",
      "isUK": false,
      "isKey": false
    },
    "WF9 2JH": {
      "name": "KEYFUELS D GRADE F STN",
      "allNames": [
        "KEYFUELS D GRADE F STN",
        "BOROUGH PARK GRADE F STN"
      ],
      "terminal": "IPC",
      "isUK": false,
      "isKey": true
    },
    "WR8 9DF": {
      "name": "COUNTRYWIDE D PROP IM",
      "allNames": [
        "COUNTRYWIDE D PROP IM",
        "COUNTRYWIDE D BUT IM"
      ],
      "terminal": "IPC",
      "isUK": false,
      "isKey": false
    },
    "WR9 0NR": {
      "name": "HINGLEY DROITWICH PRO",
      "allNames": [
        "HINGLEY DROITWICH PRO"
      ],
      "terminal": "IPC",
      "isUK": false,
      "isKey": false
    },
    "WS10 0AW": {
      "name": "LISTER WEDNESBURY PRO",
      "allNames": [
        "LISTER WEDNESBURY PRO"
      ],
      "terminal": "IPC",
      "isUK": false,
      "isKey": false
    },
    "Y041 1JE": {
      "name": "RECTORY SPARROW BUT",
      "allNames": [
        "RECTORY SPARROW BUT"
      ],
      "terminal": "IPC",
      "isUK": false,
      "isKey": false
    },
    "YO11 3NX": {
      "name": "KEYFUELS D FILEY S/STN",
      "allNames": [
        "KEYFUELS D FILEY S/STN",
        "RICHARDSON FILEY SERVICE STATION",
        "RICHARDSON FILEY S STN SPLIT"
      ],
      "terminal": "IPC",
      "isUK": false,
      "isKey": true
    },
    "YO14 9QR": {
      "name": "KEYFUELS D PRIMROSE VALLEY",
      "allNames": [
        "KEYFUELS D PRIMROSE VALLEY",
        "UK FUELS D PRIMROSE VALLEY S STN",
        "RICHARDSON PRIMROSE VALLEY",
        "RICHARDSON PRIMROSE VALLEY SPLIT"
      ],
      "terminal": "IPC",
      "isUK": true,
      "isKey": true
    },
    "YO25 6RX": {
      "name": "ARMSTRONG MASSEY LTD",
      "allNames": [
        "ARMSTRONG MASSEY LTD"
      ],
      "terminal": "IPC",
      "isUK": false,
      "isKey": false
    },
    "YO41 1JE": {
      "name": "RECTORY SPARROW PRO",
      "allNames": [
        "RECTORY SPARROW PRO"
      ],
      "terminal": "IPC",
      "isUK": false,
      "isKey": false
    },
    "YO42 4HS": {
      "name": "UK FUELS D YORK RD GARAGE",
      "allNames": [
        "UK FUELS D YORK RD GARAGE",
        "ROBINSON YORK ROAD GARAGE",
        "KEYFUELS D YORK RD GARAGE"
      ],
      "terminal": "IPC",
      "isUK": true,
      "isKey": true
    },
    "YO8 8NA": {
      "name": "NJB SERVICES ABBEYSIDE F STN",
      "allNames": [
        "NJB SERVICES ABBEYSIDE F STN",
        "KEYFUELS D ABBEYSIDE F STN"
      ],
      "terminal": "IPC",
      "isUK": false,
      "isKey": true
    }
  },
  "Kingsbury": {
    "B10 0AE": {
      "name": "PETROGAS SMALL HEATH S/STATION",
      "allNames": [
        "PETROGAS SMALL HEATH S/STATION"
      ],
      "terminal": "Kingsbury",
      "isUK": false,
      "isKey": false
    },
    "B18 5AU": {
      "name": "KEYFUELS D MRH KEYHILL",
      "allNames": [
        "KEYFUELS D MRH KEYHILL",
        "MRH KEYHILL"
      ],
      "terminal": "Kingsbury",
      "isUK": false,
      "isKey": true
    },
    "B32 4AR": {
      "name": "KEYFUELS D MOTO FRANKLEY SOUTH",
      "allNames": [
        "KEYFUELS D MOTO FRANKLEY SOUTH",
        "KEYFUELS D MOTO FRANKLEY NORTH"
      ],
      "terminal": "Kingsbury",
      "isUK": false,
      "isKey": true
    },
    "B33 9AL": {
      "name": "MFG STECHFORD S STN",
      "allNames": [
        "MFG STECHFORD S STN"
      ],
      "terminal": "Kingsbury",
      "isUK": false,
      "isKey": false
    },
    "B45 9RQ": {
      "name": "MFG RUBERY S STN",
      "allNames": [
        "MFG RUBERY S STN"
      ],
      "terminal": "Kingsbury",
      "isUK": false,
      "isKey": false
    },
    "B61 7ER": {
      "name": "KEYFUELS D SWAN SERVICE CENTRE",
      "allNames": [
        "KEYFUELS D SWAN SERVICE CENTRE",
        "UK FUELS D SWAN S STN"
      ],
      "terminal": "Kingsbury",
      "isUK": true,
      "isKey": true
    },
    "B66 4AU": {
      "name": "MOTOR FUEL HAGLEY RD S STN",
      "allNames": [
        "MOTOR FUEL HAGLEY RD S STN"
      ],
      "terminal": "Kingsbury",
      "isUK": false,
      "isKey": false
    },
    "B66 4RD": {
      "name": "CHANCO SHIRELAND S STN",
      "allNames": [
        "CHANCO SHIRELAND S STN"
      ],
      "terminal": "Kingsbury",
      "isUK": false,
      "isKey": false
    },
    "B75 7ET": {
      "name": "SANGHERA WHYNOT FILLING STATION",
      "allNames": [
        "SANGHERA WHYNOT FILLING STATION",
        "KEYFUELS D WHYNOT S STN",
        "UK FUELS D WHYNOT SERVICE STATION"
      ],
      "terminal": "Kingsbury",
      "isUK": true,
      "isKey": true
    },
    "B78 3SB": {
      "name": "AKSHAR CORPORATION LTD",
      "allNames": [
        "AKSHAR CORPORATION LTD"
      ],
      "terminal": "Kingsbury",
      "isUK": false,
      "isKey": false
    },
    "B80 7DF": {
      "name": "WAZIR DOGHILL FILLING STATION",
      "allNames": [
        "WAZIR DOGHILL FILLING STATION",
        "UK FUELS D DOGHILL SS",
        "KEYFUELS D DOGHILL SS"
      ],
      "terminal": "Kingsbury",
      "isUK": true,
      "isKey": true
    },
    "B92 0LS": {
      "name": "KEYFUELS D LINCOLN FARM CAFE",
      "allNames": [
        "KEYFUELS D LINCOLN FARM CAFE"
      ],
      "terminal": "Kingsbury",
      "isUK": false,
      "isKey": true
    },
    "CV8 1FB": {
      "name": "KEYFUELS D MALTHURST WARWICK RD",
      "allNames": [
        "KEYFUELS D MALTHURST WARWICK RD",
        "MRH WARWICK ROAD F STN"
      ],
      "terminal": "Kingsbury",
      "isUK": false,
      "isKey": true
    },
    "DE13 7AB": {
      "name": "KEYFUELS D JT LEAVESLEY",
      "allNames": [
        "KEYFUELS D JT LEAVESLEY",
        "UK FUELS D JT LEAVESLEY LTD"
      ],
      "terminal": "Kingsbury",
      "isUK": true,
      "isKey": true
    },
    "DE13 9PD": {
      "name": "KEYFUELS D NEEDWOOD",
      "allNames": [
        "KEYFUELS D NEEDWOOD",
        "MACKAY NEEDWOOD S STN"
      ],
      "terminal": "Kingsbury",
      "isUK": false,
      "isKey": true
    },
    "DE15 9SQ": {
      "name": "MFG BURTON ON TRENT S STN",
      "allNames": [
        "MFG BURTON ON TRENT S STN"
      ],
      "terminal": "Kingsbury",
      "isUK": false,
      "isKey": false
    },
    "DE21 4BD": {
      "name": "MFG DERBY S STN",
      "allNames": [
        "MFG DERBY S STN"
      ],
      "terminal": "Kingsbury",
      "isUK": false,
      "isKey": false
    },
    "DE56 0NH": {
      "name": "QUADAMILL LOWER KILBURN GARAGE",
      "allNames": [
        "QUADAMILL LOWER KILBURN GARAGE"
      ],
      "terminal": "Kingsbury",
      "isUK": false,
      "isKey": false
    },
    "DE65 6GY": {
      "name": "KEYFUELS D A38 NORTH BROBOT",
      "allNames": [
        "KEYFUELS D A38 NORTH BROBOT",
        "BROBOT A38 NORTHBOUND"
      ],
      "terminal": "Kingsbury",
      "isUK": false,
      "isKey": true
    },
    "DE7 5FH": {
      "name": "PETROGAS ILKESTON S/STATION",
      "allNames": [
        "PETROGAS ILKESTON S/STATION"
      ],
      "terminal": "Kingsbury",
      "isUK": false,
      "isKey": false
    },
    "DE72 3AF": {
      "name": "BROBOT BREASTON S STN",
      "allNames": [
        "BROBOT BREASTON S STN"
      ],
      "terminal": "Kingsbury",
      "isUK": false,
      "isKey": false
    },
    "DY13 9QB": {
      "name": "HINGLEY D KI",
      "allNames": [
        "HINGLEY D KI",
        "HINGLEY D KI TRIGGER"
      ],
      "terminal": "Kingsbury",
      "isUK": false,
      "isKey": false
    },
    "DY9 8EE": {
      "name": "LYE MILL SERVICE STATION",
      "allNames": [
        "LYE MILL SERVICE STATION"
      ],
      "terminal": "Kingsbury",
      "isUK": false,
      "isKey": false
    },
    "DY9 9HJ": {
      "name": "MFG PEDMORE S STN",
      "allNames": [
        "MFG PEDMORE S STN"
      ],
      "terminal": "Kingsbury",
      "isUK": false,
      "isKey": false
    },
    "GL17 9DL": {
      "name": "SHARMA BRIERLEY SERVICE STATION",
      "allNames": [
        "SHARMA BRIERLEY SERVICE STATION",
        "KEYFUELS D BRIERLEY SERVICE STATION"
      ],
      "terminal": "Kingsbury",
      "isUK": false,
      "isKey": true
    },
    "GL52 5JF": {
      "name": "MOTOR FUEL CHELTENHAM S STN",
      "allNames": [
        "MOTOR FUEL CHELTENHAM S STN"
      ],
      "terminal": "Kingsbury",
      "isUK": false,
      "isKey": false
    },
    "LE1 3XP": {
      "name": "MFG FLYOVER S STN",
      "allNames": [
        "MFG FLYOVER S STN"
      ],
      "terminal": "Kingsbury",
      "isUK": false,
      "isKey": false
    },
    "LE10 0NB": {
      "name": "PETROGAS HINCKLEY S/STATION",
      "allNames": [
        "PETROGAS HINCKLEY S/STATION"
      ],
      "terminal": "Kingsbury",
      "isUK": false,
      "isKey": false
    },
    "LE10 3ED": {
      "name": "PETROGAS HINCKLEY A5 S/STATION",
      "allNames": [
        "PETROGAS HINCKLEY A5 S/STATION"
      ],
      "terminal": "Kingsbury",
      "isUK": false,
      "isKey": false
    },
    "LE15 9DL": {
      "name": "MOTOR FUEL MORCOTT",
      "allNames": [
        "MOTOR FUEL MORCOTT"
      ],
      "terminal": "Kingsbury",
      "isUK": false,
      "isKey": false
    },
    "LE16 7TH": {
      "name": "MRH A6 BYPASS",
      "allNames": [
        "MRH A6 BYPASS"
      ],
      "terminal": "Kingsbury",
      "isUK": false,
      "isKey": false
    },
    "LE16 9HD": {
      "name": "THE PROTHEROE MOTOR GROUP LTD",
      "allNames": [
        "THE PROTHEROE MOTOR GROUP LTD"
      ],
      "terminal": "Kingsbury",
      "isUK": false,
      "isKey": false
    },
    "LE18 3PW": {
      "name": "BROBOT WIGSTON",
      "allNames": [
        "BROBOT WIGSTON"
      ],
      "terminal": "Kingsbury",
      "isUK": false,
      "isKey": false
    },
    "LE65 2GL": {
      "name": "T YAQUB STATION ROAD",
      "allNames": [
        "T YAQUB STATION ROAD",
        "KEYFUELS D STATION RD SERVICE STATI",
        "UK FUELS D STATION RD S S"
      ],
      "terminal": "Kingsbury",
      "isUK": true,
      "isKey": true
    },
    "LE7 9HJ": {
      "name": "HOUGHTON GARAGE LTD",
      "allNames": [
        "HOUGHTON GARAGE LTD"
      ],
      "terminal": "Kingsbury",
      "isUK": false,
      "isKey": false
    },
    "MK43 7TA": {
      "name": "BARTON D KI OAKLEY",
      "allNames": [
        "BARTON D KI OAKLEY"
      ],
      "terminal": "Kingsbury",
      "isUK": false,
      "isKey": false
    },
    "NG11 6QT": {
      "name": "KEYFUELS D BROBOT BUNNY S STN",
      "allNames": [
        "KEYFUELS D BROBOT BUNNY S STN",
        "UK FUELS D BROBOT BUNNY",
        "BROBOT BUNNY S STN"
      ],
      "terminal": "Kingsbury",
      "isUK": true,
      "isKey": true
    },
    "NG12 3HQ": {
      "name": "COTGRAVE SERVICE STATION",
      "allNames": [
        "COTGRAVE SERVICE STATION"
      ],
      "terminal": "Kingsbury",
      "isUK": false,
      "isKey": false
    },
    "NG2 3HE": {
      "name": "MFG SPORTSMAN S STN",
      "allNames": [
        "MFG SPORTSMAN S STN"
      ],
      "terminal": "Kingsbury",
      "isUK": false,
      "isKey": false
    },
    "NG6 OJW": {
      "name": "MFG OLD BASFORD S STN",
      "allNames": [
        "MFG OLD BASFORD S STN"
      ],
      "terminal": "Kingsbury",
      "isUK": false,
      "isKey": false
    },
    "NN10 6DZ": {
      "name": "YOUNG & STEEL BRIDGE S STN",
      "allNames": [
        "YOUNG & STEEL BRIDGE S STN"
      ],
      "terminal": "Kingsbury",
      "isUK": false,
      "isKey": false
    },
    "NN17 5XN": {
      "name": "MATALAN CORBY D KI",
      "allNames": [
        "MATALAN CORBY D KI"
      ],
      "terminal": "Kingsbury",
      "isUK": false,
      "isKey": false
    },
    "NN18 8AA": {
      "name": "MFG CORBY S STN",
      "allNames": [
        "MFG CORBY S STN",
        "KEYFUELS D CORBY S STN"
      ],
      "terminal": "Kingsbury",
      "isUK": false,
      "isKey": true
    },
    "NN4 0LY": {
      "name": "KEYFUELS D GRANGE FARM",
      "allNames": [
        "KEYFUELS D GRANGE FARM",
        "UK FUELS D GRANGE FARM SERV"
      ],
      "terminal": "Kingsbury",
      "isUK": true,
      "isKey": true
    },
    "NN4 8AG": {
      "name": "MFG FARCOTTON S STN",
      "allNames": [
        "MFG FARCOTTON S STN",
        "UK FUELS D FARCOTTON S STN"
      ],
      "terminal": "Kingsbury",
      "isUK": true,
      "isKey": false
    },
    "NN6 9BW": {
      "name": "WATSON D KI NORTHAMPTON FORMULA",
      "allNames": [
        "WATSON D KI NORTHAMPTON FORMULA"
      ],
      "terminal": "Kingsbury",
      "isUK": false,
      "isKey": false
    },
    "OX12 0DH": {
      "name": "BELLINGER BELLINGERS S STN",
      "allNames": [
        "BELLINGER BELLINGERS S STN"
      ],
      "terminal": "Kingsbury",
      "isUK": false,
      "isKey": false
    },
    "OX165AQ": {
      "name": "ANTELOPE GARAGE",
      "allNames": [
        "ANTELOPE GARAGE"
      ],
      "terminal": "Kingsbury",
      "isUK": false,
      "isKey": false
    },
    "OX18 3QQ": {
      "name": "WATSON D KI BRIZE NORTON FORMULA",
      "allNames": [
        "WATSON D KI BRIZE NORTON FORMULA"
      ],
      "terminal": "Kingsbury",
      "isUK": false,
      "isKey": false
    },
    "OX25 5QQ": {
      "name": "PETROCELL HOPCROFTS HOLT S/STN",
      "allNames": [
        "PETROCELL HOPCROFTS HOLT S/STN"
      ],
      "terminal": "Kingsbury",
      "isUK": false,
      "isKey": false
    },
    "RG17 7TJ": {
      "name": "FORD D KI",
      "allNames": [
        "FORD D KI"
      ],
      "terminal": "Kingsbury",
      "isUK": false,
      "isKey": false
    },
    "ST1 3EB": {
      "name": "KADREE LICHFIELD ST S STN",
      "allNames": [
        "KADREE LICHFIELD ST S STN"
      ],
      "terminal": "Kingsbury",
      "isUK": false,
      "isKey": false
    },
    "ST14 5AA": {
      "name": "KEYFUELS D UTTOXETER SERVICES",
      "allNames": [
        "KEYFUELS D UTTOXETER SERVICES"
      ],
      "terminal": "Kingsbury",
      "isUK": false,
      "isKey": true
    },
    "ST3 4JP": {
      "name": "MARTIN MCCOLL SWIFT S STN",
      "allNames": [
        "MARTIN MCCOLL SWIFT S STN"
      ],
      "terminal": "Kingsbury",
      "isUK": false,
      "isKey": false
    },
    "ST5 2TL": {
      "name": "KEYFUELS D MRH HIGHERLAND",
      "allNames": [
        "KEYFUELS D MRH HIGHERLAND",
        "MRH HIGHERLAND"
      ],
      "terminal": "Kingsbury",
      "isUK": false,
      "isKey": true
    },
    "ST6 6SH": {
      "name": "MFG STOKE ON TRENT S STN",
      "allNames": [
        "MFG STOKE ON TRENT S STN"
      ],
      "terminal": "Kingsbury",
      "isUK": false,
      "isKey": false
    },
    "TF7 4JG": {
      "name": "MFG TELFORD S STN",
      "allNames": [
        "MFG TELFORD S STN"
      ],
      "terminal": "Kingsbury",
      "isUK": false,
      "isKey": false
    },
    "TF7 4QT": {
      "name": "KEYFUELS D GEORGE OAKLEY CO",
      "allNames": [
        "KEYFUELS D GEORGE OAKLEY CO"
      ],
      "terminal": "Kingsbury",
      "isUK": false,
      "isKey": true
    },
    "WR11 7QP": {
      "name": "UK FUELS D VALE SERVICES",
      "allNames": [
        "UK FUELS D VALE SERVICES",
        "KEYFUELS D VALE SERVICES"
      ],
      "terminal": "Kingsbury",
      "isUK": true,
      "isKey": true
    },
    "WR8 0BZ": {
      "name": "KEYFUELS D STRENSHAM MOTORWAY SERVS",
      "allNames": [
        "KEYFUELS D STRENSHAM MOTORWAY SERVS"
      ],
      "terminal": "Kingsbury",
      "isUK": false,
      "isKey": true
    },
    "WS10 0NP": {
      "name": "PETROGAS WEDNESBURY S/STATION",
      "allNames": [
        "PETROGAS WEDNESBURY S/STATION"
      ],
      "terminal": "Kingsbury",
      "isUK": false,
      "isKey": false
    },
    "WS10 7QD": {
      "name": "KEYFUELS D WEDNESBURY S STN",
      "allNames": [
        "KEYFUELS D WEDNESBURY S STN"
      ],
      "terminal": "Kingsbury",
      "isUK": false,
      "isKey": true
    },
    "WS11 5RW": {
      "name": "ARAF STADIUM GARAGE",
      "allNames": [
        "ARAF STADIUM GARAGE"
      ],
      "terminal": "Kingsbury",
      "isUK": false,
      "isKey": false
    },
    "WS2 9PB": {
      "name": "KEYFUELS D CH JONES",
      "allNames": [
        "KEYFUELS D CH JONES"
      ],
      "terminal": "Kingsbury",
      "isUK": false,
      "isKey": true
    },
    "WS3 2TZ": {
      "name": "MFG BLOXWICH S STN",
      "allNames": [
        "MFG BLOXWICH S STN",
        "UK FUELS D BLOXWICH S STN"
      ],
      "terminal": "Kingsbury",
      "isUK": true,
      "isKey": false
    },
    "WS4 1PQ": {
      "name": "KEYFUELS D SHELFIELD SS",
      "allNames": [
        "KEYFUELS D SHELFIELD SS",
        "UK FUELS D SHELFIELD SS",
        "LEYHURST SHELFIELD SERVICE STATION"
      ],
      "terminal": "Kingsbury",
      "isUK": true,
      "isKey": true
    },
    "WV10 7LZ": {
      "name": "UK FUELS D M6 DIESEL LTD",
      "allNames": [
        "UK FUELS D M6 DIESEL LTD",
        "KEYFUELS D SAREDON F STN"
      ],
      "terminal": "Kingsbury",
      "isUK": true,
      "isKey": true
    },
    "WV10 ORE": {
      "name": "PETROGAS WOLVERHAMPTON S/STATION",
      "allNames": [
        "PETROGAS WOLVERHAMPTON S/STATION"
      ],
      "terminal": "Kingsbury",
      "isUK": false,
      "isKey": false
    },
    "WV11 2AT": {
      "name": "KEYFUELS D MOTO HILTON PARK NORTH",
      "allNames": [
        "KEYFUELS D MOTO HILTON PARK NORTH",
        "KEYFUELS D MOTO HILTON PARK SOUTH"
      ],
      "terminal": "Kingsbury",
      "isUK": false,
      "isKey": true
    },
    "WV12 4JQ": {
      "name": "MFG LANE HEAD S STN",
      "allNames": [
        "MFG LANE HEAD S STN"
      ],
      "terminal": "Kingsbury",
      "isUK": false,
      "isKey": false
    }
  },
  "North Tees": {
    "CA3 0JR": {
      "name": "KEYFUELS D NIGHTOWL CARLISLE",
      "allNames": [
        "KEYFUELS D NIGHTOWL CARLISLE"
      ],
      "terminal": "North Tees",
      "isUK": false,
      "isKey": true
    },
    "DL15 5QL": {
      "name": "SIMPSON D TEESSIDE SPOT 15 DAYS",
      "allNames": [
        "SIMPSON D TEESSIDE SPOT 15 DAYS"
      ],
      "terminal": "North Tees",
      "isUK": false,
      "isKey": false
    },
    "NE70 7JU": {
      "name": "UK FUELS D WJ DAVIDSON & SON",
      "allNames": [
        "UK FUELS D WJ DAVIDSON & SON"
      ],
      "terminal": "North Tees",
      "isUK": true,
      "isKey": false
    }
  },
  "Teesside Vopak": {
    "DH4 6RG": {
      "name": "KSC BELLS HILL S STN",
      "allNames": [
        "KSC BELLS HILL S STN",
        "KEYFUELS C BELLS HILL S STN",
        "UK FUELS C BELLS HILL S STN"
      ],
      "terminal": "Teesside Vopak",
      "isUK": true,
      "isKey": true
    },
    "DH7 6TJ": {
      "name": "KSC RED TILES S STN",
      "allNames": [
        "KSC RED TILES S STN",
        "KEYFUELS C RED TILES S STN",
        "UK FUELS C RED TILES S STN"
      ],
      "terminal": "Teesside Vopak",
      "isUK": true,
      "isKey": true
    },
    "DJ15 8EA": {
      "name": "MORGAN FUELS C FIR TREE S STN",
      "allNames": [
        "MORGAN FUELS C FIR TREE S STN"
      ],
      "terminal": "Teesside Vopak",
      "isUK": false,
      "isKey": false
    },
    "DL14 8QE": {
      "name": "KSC PARK HEAD S STN",
      "allNames": [
        "KSC PARK HEAD S STN",
        "KEYFUELS C PARK HEAD S STN",
        "UK FUELS C PARK HEAD S STN"
      ],
      "terminal": "Teesside Vopak",
      "isUK": true,
      "isKey": true
    },
    "DL14 9PB": {
      "name": "UK FUELS D OAKLEYS SERVICE STATION",
      "allNames": [
        "UK FUELS D OAKLEYS SERVICE STATION",
        "KEYFUELS D OAKLEY SS",
        "OAKLEY SERVICE STATION LTD"
      ],
      "terminal": "Teesside Vopak",
      "isUK": true,
      "isKey": true
    },
    "DL15 8EA": {
      "name": "KSC FIR TREE S STN",
      "allNames": [
        "KSC FIR TREE S STN",
        "KSC FIR TREE S STN SPLIT",
        "KEYFUELS C FIR TREE FILLING STN",
        "UK FUELS C FIR TREE FILLING STN"
      ],
      "terminal": "Teesside Vopak",
      "isUK": true,
      "isKey": true
    },
    "DL15 8ES": {
      "name": "KSC BRIDGE END GARAGE",
      "allNames": [
        "KSC BRIDGE END GARAGE",
        "KSC BRIDGE END GARAGE SPLIT",
        "KEYFUELS C BRIDGE END GARAGE",
        "UK FUELS C BRIDGE END GARAGE"
      ],
      "terminal": "Teesside Vopak",
      "isUK": true,
      "isKey": true
    },
    "DL3 8DQ": {
      "name": "KSC CARMEL RD S STN",
      "allNames": [
        "KSC CARMEL RD S STN",
        "KEYFUELS C CARMEL ROAD S STN",
        "UK FUELS C CARMEL ROAD S STN"
      ],
      "terminal": "Teesside Vopak",
      "isUK": true,
      "isKey": true
    },
    "NE34 8AQ": {
      "name": "KSC RIDGEWAY S STN",
      "allNames": [
        "KSC RIDGEWAY S STN",
        "KEYFUELS C RIDGEWAY S STN",
        "UK FUELS C RIDGEWAY S STN"
      ],
      "terminal": "Teesside Vopak",
      "isUK": true,
      "isKey": true
    },
    "NE37 2TD": {
      "name": "G NICHOLSON ENG LTD",
      "allNames": [
        "G NICHOLSON ENG LTD",
        "KEYFUELS D G NICHOLSON ENG LTD"
      ],
      "terminal": "Teesside Vopak",
      "isUK": false,
      "isKey": true
    },
    "NE40 4TX": {
      "name": "ARMSTRONG WESTBURN S STN",
      "allNames": [
        "ARMSTRONG WESTBURN S STN"
      ],
      "terminal": "Teesside Vopak",
      "isUK": false,
      "isKey": false
    },
    "SR3 3ND": {
      "name": "UK FUELS D FOXCOVER SS",
      "allNames": [
        "UK FUELS D FOXCOVER SS",
        "GRADEBROOK FOXCOVER FILLING STATION",
        "KEYFUELS D FOXCOVER F STN"
      ],
      "terminal": "Teesside Vopak",
      "isUK": true,
      "isKey": true
    },
    "SR5 1AP": {
      "name": "KSC MONKWEARMOUTH S STN",
      "allNames": [
        "KSC MONKWEARMOUTH S STN",
        "KEYFUELS C MONKWEARMOUTH S STN",
        "UK FUELS C MONKWEARMOUTH S STN"
      ],
      "terminal": "Teesside Vopak",
      "isUK": true,
      "isKey": true
    },
    "SR6 7PQ": {
      "name": "MFG CLEADON S STN",
      "allNames": [
        "MFG CLEADON S STN"
      ],
      "terminal": "Teesside Vopak",
      "isUK": false,
      "isKey": false
    },
    "TS14 7DH": {
      "name": "ROADSIDE RECTORY LANE F STN",
      "allNames": [
        "ROADSIDE RECTORY LANE F STN"
      ],
      "terminal": "Teesside Vopak",
      "isUK": false,
      "isKey": false
    },
    "TS20 2PN": {
      "name": "MFG STOCKTON S STN",
      "allNames": [
        "MFG STOCKTON S STN"
      ],
      "terminal": "Teesside Vopak",
      "isUK": false,
      "isKey": false
    },
    "TS21 2ES": {
      "name": "KSC BRADBURY S STN",
      "allNames": [
        "KSC BRADBURY S STN",
        "KEYFUELS C BRADBURY S STN",
        "UK FUELS C BRADBURY S STN",
        "MORGAN FUELS C BRADBURY S STN"
      ],
      "terminal": "Teesside Vopak",
      "isUK": true,
      "isKey": true
    },
    "TS9 5AG": {
      "name": "KEYFUELS D STOKESLEY",
      "allNames": [
        "KEYFUELS D STOKESLEY",
        "UK FUELS D STOKESLEY MOTORS",
        "STOKESLEY MOTORS"
      ],
      "terminal": "Teesside Vopak",
      "isUK": true,
      "isKey": true
    }
  },
  "Thames": {
    "BH23 2LP": {
      "name": "MOTOR FUEL FAIRMILE S STN",
      "allNames": [
        "MOTOR FUEL FAIRMILE S STN"
      ],
      "terminal": "Thames",
      "isUK": false,
      "isKey": false
    },
    "BN14 0AB": {
      "name": "LIBRA FINDON ROAD S STN",
      "allNames": [
        "LIBRA FINDON ROAD S STN"
      ],
      "terminal": "Thames",
      "isUK": false,
      "isKey": false
    },
    "CB25 0AA": {
      "name": "CO OP NESS ROAD GARAGE",
      "allNames": [
        "CO OP NESS ROAD GARAGE"
      ],
      "terminal": "Thames",
      "isUK": false,
      "isKey": false
    },
    "CB9 0EP": {
      "name": "KEYFUELS D NORTH STREET",
      "allNames": [
        "KEYFUELS D NORTH STREET",
        "UK FUELS D NORTH STREET GARAGES",
        "JRW NORTH STREET GARAGES"
      ],
      "terminal": "Thames",
      "isUK": true,
      "isKey": true
    },
    "CB9 7DP": {
      "name": "WESTROPE MOTORS",
      "allNames": [
        "WESTROPE MOTORS"
      ],
      "terminal": "Thames",
      "isUK": false,
      "isKey": false
    },
    "CO11 2EH": {
      "name": "COOKSON LAWFORD SERVICE STATION",
      "allNames": [
        "COOKSON LAWFORD SERVICE STATION"
      ],
      "terminal": "Thames",
      "isUK": false,
      "isKey": false
    },
    "CT12 5JB": {
      "name": "ARUNTHAVARAJAH PEGWELL BAY S STN",
      "allNames": [
        "ARUNTHAVARAJAH PEGWELL BAY S STN",
        "KEYFUELS D PEGWELL"
      ],
      "terminal": "Thames",
      "isUK": false,
      "isKey": true
    },
    "CT21 4ND": {
      "name": "ARUNTHAVARAJAH PALMARSH S STN",
      "allNames": [
        "ARUNTHAVARAJAH PALMARSH S STN",
        "KEYFUELS D PALMARSH"
      ],
      "terminal": "Thames",
      "isUK": false,
      "isKey": true
    },
    "CT4 6DN": {
      "name": "SIX MILE GARAGE LTD",
      "allNames": [
        "SIX MILE GARAGE LTD",
        "KEYFUELS D SIX MILE GARAGE"
      ],
      "terminal": "Thames",
      "isUK": false,
      "isKey": true
    },
    "CT5 4LX": {
      "name": "MFG CRUSADER S STN",
      "allNames": [
        "MFG CRUSADER S STN",
        "UK FUELS D CRUSADER S STN"
      ],
      "terminal": "Thames",
      "isUK": true,
      "isKey": false
    },
    "E10 6QA": {
      "name": "MFG LEYCO S STN",
      "allNames": [
        "MFG LEYCO S STN"
      ],
      "terminal": "Thames",
      "isUK": false,
      "isKey": false
    },
    "E11 1PP": {
      "name": "LEYTONSTONE GREENMAN S STN",
      "allNames": [
        "LEYTONSTONE GREENMAN S STN"
      ],
      "terminal": "Thames",
      "isUK": false,
      "isKey": false
    },
    "E11 4PG": {
      "name": "KEYFUELS D LEYTONSTONE",
      "allNames": [
        "KEYFUELS D LEYTONSTONE",
        "LEYTONSTONE S STN"
      ],
      "terminal": "Thames",
      "isUK": false,
      "isKey": true
    },
    "E17 6AA": {
      "name": "MFG HIGHAMS LODGE S STN",
      "allNames": [
        "MFG HIGHAMS LODGE S STN"
      ],
      "terminal": "Thames",
      "isUK": false,
      "isKey": false
    },
    "E5 8EQ": {
      "name": "RAVIKUMAR CLAPTON S STN",
      "allNames": [
        "RAVIKUMAR CLAPTON S STN"
      ],
      "terminal": "Thames",
      "isUK": false,
      "isKey": false
    },
    "EN6 2QU": {
      "name": "MFG POTTERS BAR S STN",
      "allNames": [
        "MFG POTTERS BAR S STN"
      ],
      "terminal": "Thames",
      "isUK": false,
      "isKey": false
    },
    "EN8 7NJ": {
      "name": "KEYFUELS D WALTHAM CROSS",
      "allNames": [
        "KEYFUELS D WALTHAM CROSS",
        "WALTHAM CROSS SERVICE STATION"
      ],
      "terminal": "Thames",
      "isUK": false,
      "isKey": true
    },
    "IG3 9RY": {
      "name": "VADHER MAYFIELD S STN",
      "allNames": [
        "VADHER MAYFIELD S STN",
        "KEYFUELS D MAYFIELD SELF SERV"
      ],
      "terminal": "Thames",
      "isUK": false,
      "isKey": true
    },
    "IG6 3AD": {
      "name": "PATEL NEW NORTH ROAD S STN",
      "allNames": [
        "PATEL NEW NORTH ROAD S STN"
      ],
      "terminal": "Thames",
      "isUK": false,
      "isKey": false
    },
    "IG8 8PN": {
      "name": "CLARKS GARAGE LTD",
      "allNames": [
        "CLARKS GARAGE LTD"
      ],
      "terminal": "Thames",
      "isUK": false,
      "isKey": false
    },
    "IP13 9EE": {
      "name": "POTTER POTTERS F STN",
      "allNames": [
        "POTTER POTTERS F STN"
      ],
      "terminal": "Thames",
      "isUK": false,
      "isKey": false
    },
    "IP17 3PW": {
      "name": "SMITH & WESBY DARSHAM SERVICE STN",
      "allNames": [
        "SMITH & WESBY DARSHAM SERVICE STN"
      ],
      "terminal": "Thames",
      "isUK": false,
      "isKey": false
    },
    "IP19 8BU": {
      "name": "AW & D HAMMOND LTD HAMMONDS",
      "allNames": [
        "AW & D HAMMOND LTD HAMMONDS"
      ],
      "terminal": "Thames",
      "isUK": false,
      "isKey": false
    },
    "IP28 7AA": {
      "name": "KEYFUELS D ULTRATOP NORTH TERRACE",
      "allNames": [
        "KEYFUELS D ULTRATOP NORTH TERRACE",
        "SIVABALAN NORTH TERRACE GARAGE"
      ],
      "terminal": "Thames",
      "isUK": false,
      "isKey": true
    },
    "IP9 2JJ": {
      "name": "MFG CAPELGATE S STN",
      "allNames": [
        "MFG CAPELGATE S STN",
        "UK FUELS D CAPELGATE S STN"
      ],
      "terminal": "Thames",
      "isUK": true,
      "isKey": false
    },
    "KT9 1PL": {
      "name": "KEYFUELS D CHESSINGTON S/STN",
      "allNames": [
        "KEYFUELS D CHESSINGTON S/STN",
        "OPALRISE CHESSINGTON S STN"
      ],
      "terminal": "Thames",
      "isUK": false,
      "isKey": true
    },
    "LU4 9LQ": {
      "name": "KEYFUELS D MRH LEAGRAVE",
      "allNames": [
        "KEYFUELS D MRH LEAGRAVE",
        "MRH LEAGRAVE"
      ],
      "terminal": "Thames",
      "isUK": false,
      "isKey": true
    },
    "ME1 3RL": {
      "name": "FROST FROST S STN",
      "allNames": [
        "FROST FROST S STN",
        "KEYFUELS D FROSTS S STATION",
        "UK FUELS D FROSTS SS"
      ],
      "terminal": "Thames",
      "isUK": true,
      "isKey": true
    },
    "ME19 5AL": {
      "name": "MRH OFFHAM",
      "allNames": [
        "MRH OFFHAM",
        "KEYFUELS D MRH OFFHAM"
      ],
      "terminal": "Thames",
      "isUK": false,
      "isKey": true
    },
    "ME3 8LL": {
      "name": "FOUR ELMS SOUTH SVC STN LTD",
      "allNames": [
        "FOUR ELMS SOUTH SVC STN LTD",
        "FOUR ELMS NORTH SVC STN LTD",
        "KEYFUELS D FOUR ELMS NORTH",
        "KEYFUELS D FOUR ELMS SOUTH",
        "UK FUELS D FOUR ELMS NORTH S STN",
        "UK FUELS D FOUR ELMS SOUTH S STN"
      ],
      "terminal": "Thames",
      "isUK": true,
      "isKey": true
    },
    "N9 7HL": {
      "name": "SHARMA HERTFORD ROAD GARAGE",
      "allNames": [
        "SHARMA HERTFORD ROAD GARAGE"
      ],
      "terminal": "Thames",
      "isUK": false,
      "isKey": false
    },
    "N9 9HL": {
      "name": "VASEEHARAN GRAND PRIX S STN",
      "allNames": [
        "VASEEHARAN GRAND PRIX S STN"
      ],
      "terminal": "Thames",
      "isUK": false,
      "isKey": false
    },
    "NR1 1PN": {
      "name": "ENOCH CASTLE SERVICE STATION",
      "allNames": [
        "ENOCH CASTLE SERVICE STATION"
      ],
      "terminal": "Thames",
      "isUK": false,
      "isKey": false
    },
    "NR12 7DH": {
      "name": "VAS INTERNATIONAL COLTISHALL F STN",
      "allNames": [
        "VAS INTERNATIONAL COLTISHALL F STN"
      ],
      "terminal": "Thames",
      "isUK": false,
      "isKey": false
    },
    "NR12 8SL": {
      "name": "BROADLAND MOTOR CO",
      "allNames": [
        "BROADLAND MOTOR CO"
      ],
      "terminal": "Thames",
      "isUK": false,
      "isKey": false
    },
    "NR29 4NL": {
      "name": "NANTHAKUMAR HEMSBY SERVICE STATION",
      "allNames": [
        "NANTHAKUMAR HEMSBY SERVICE STATION"
      ],
      "terminal": "Thames",
      "isUK": false,
      "isKey": false
    },
    "NR30 1DA": {
      "name": "MFG NORTHGATE S STN",
      "allNames": [
        "MFG NORTHGATE S STN"
      ],
      "terminal": "Thames",
      "isUK": false,
      "isKey": false
    },
    "NR32 4AA": {
      "name": "NPRT GUNTON GARAGE",
      "allNames": [
        "NPRT GUNTON GARAGE"
      ],
      "terminal": "Thames",
      "isUK": false,
      "isKey": false
    },
    "NR6 5NQ": {
      "name": "A & F ENGINEERING",
      "allNames": [
        "A & F ENGINEERING"
      ],
      "terminal": "Thames",
      "isUK": false,
      "isKey": false
    },
    "NR7 9NQ": {
      "name": "THUNDER LANE GARAGE",
      "allNames": [
        "THUNDER LANE GARAGE",
        "KEYFUELS D THUNDER LN",
        "UK FUELS D THUNDER LN"
      ],
      "terminal": "Thames",
      "isUK": true,
      "isKey": true
    },
    "PO10 7JD": {
      "name": "KEYFUELS D EMSWORTH S STATION",
      "allNames": [
        "KEYFUELS D EMSWORTH S STATION",
        "UK FUELS D EMSWORTH S STATION",
        "EMSWORTH SERVICE STATION"
      ],
      "terminal": "Thames",
      "isUK": true,
      "isKey": true
    },
    "RH19 1ET": {
      "name": "MOTOR FUEL EAST GRINSTEAD S STN",
      "allNames": [
        "MOTOR FUEL EAST GRINSTEAD S STN"
      ],
      "terminal": "Thames",
      "isUK": false,
      "isKey": false
    },
    "RM17 6EW": {
      "name": "MFG GRAYS S STN",
      "allNames": [
        "MFG GRAYS S STN"
      ],
      "terminal": "Thames",
      "isUK": false,
      "isKey": false
    },
    "RM6 6AU": {
      "name": "MFG CHADWELL HEATH S STN",
      "allNames": [
        "MFG CHADWELL HEATH S STN"
      ],
      "terminal": "Thames",
      "isUK": false,
      "isKey": false
    },
    "SE20 7AE": {
      "name": "NTRS LTD FIVE STAR SERVICE STATION",
      "allNames": [
        "NTRS LTD FIVE STAR SERVICE STATION"
      ],
      "terminal": "Thames",
      "isUK": false,
      "isKey": false
    },
    "SE24 0HJ": {
      "name": "HERNE HILL SERVICE STATION",
      "allNames": [
        "HERNE HILL SERVICE STATION"
      ],
      "terminal": "Thames",
      "isUK": false,
      "isKey": false
    },
    "SE9 6SX": {
      "name": "MRH WELL HALL",
      "allNames": [
        "MRH WELL HALL",
        "KEYFUELS D MRH WELL HALL"
      ],
      "terminal": "Thames",
      "isUK": false,
      "isKey": true
    },
    "SG11 1AZ": {
      "name": "H C MOTORS",
      "allNames": [
        "H C MOTORS"
      ],
      "terminal": "Thames",
      "isUK": false,
      "isKey": false
    },
    "SG17 5BE": {
      "name": "JOHN R FORD",
      "allNames": [
        "JOHN R FORD",
        "KEYFUELS D JOHN R FORD"
      ],
      "terminal": "Thames",
      "isUK": false,
      "isKey": true
    },
    "SL6 1UB": {
      "name": "MFG FORLEASE ROAD S STN",
      "allNames": [
        "MFG FORLEASE ROAD S STN"
      ],
      "terminal": "Thames",
      "isUK": false,
      "isKey": false
    },
    "SS17 0PF": {
      "name": "LEYTONSTONE STANFORD",
      "allNames": [
        "LEYTONSTONE STANFORD"
      ],
      "terminal": "Thames",
      "isUK": false,
      "isKey": false
    },
    "SS4 1RF": {
      "name": "UK FUELS D STARTHILL S STN",
      "allNames": [
        "UK FUELS D STARTHILL S STN",
        "KEYFUELS D STARTHILL SS",
        "SIVABALAN STARTHILL S STN"
      ],
      "terminal": "Thames",
      "isUK": true,
      "isKey": true
    },
    "SS8 7RF": {
      "name": "MFG CANVEY ISLAND S STN",
      "allNames": [
        "MFG CANVEY ISLAND S STN"
      ],
      "terminal": "Thames",
      "isUK": false,
      "isKey": false
    },
    "TN24 8AH": {
      "name": "MFG EAST STOUR S STN",
      "allNames": [
        "MFG EAST STOUR S STN",
        "UK FUELS D EAST STOUR S STN"
      ],
      "terminal": "Thames",
      "isUK": true,
      "isKey": false
    },
    "TN31 6YD": {
      "name": "JEMPSONS JEMPSONS GARAGE",
      "allNames": [
        "JEMPSONS JEMPSONS GARAGE"
      ],
      "terminal": "Thames",
      "isUK": false,
      "isKey": false
    },
    "TN38 8BH": {
      "name": "MFG HASTINGS S STN",
      "allNames": [
        "MFG HASTINGS S STN"
      ],
      "terminal": "Thames",
      "isUK": false,
      "isKey": false
    },
    "TN40 1QF": {
      "name": "MFG BEXHILL S STN",
      "allNames": [
        "MFG BEXHILL S STN"
      ],
      "terminal": "Thames",
      "isUK": false,
      "isKey": false
    },
    "UB7 7EQ": {
      "name": "MFG MILL ROAD S STN",
      "allNames": [
        "MFG MILL ROAD S STN"
      ],
      "terminal": "Thames",
      "isUK": false,
      "isKey": false
    }
  },
  "West London": {
    "GU14 7JT": {
      "name": "MOTOR FUEL KINGSMEAD S STN",
      "allNames": [
        "MOTOR FUEL KINGSMEAD S STN"
      ],
      "terminal": "West London",
      "isUK": false,
      "isKey": false
    },
    "GU22 8BT": {
      "name": "SONCO COLLEGE S STN",
      "allNames": [
        "SONCO COLLEGE S STN"
      ],
      "terminal": "West London",
      "isUK": false,
      "isKey": false
    },
    "GU35 9QF": {
      "name": "WOOLMER SERVICE STATION LTD",
      "allNames": [
        "WOOLMER SERVICE STATION LTD",
        "UK FUELS D WOOLMER SS",
        "KEYFUELS D WOOLMER SS"
      ],
      "terminal": "West London",
      "isUK": true,
      "isKey": true
    },
    "GU7 1QY": {
      "name": "OCKFORD RD D WL",
      "allNames": [
        "OCKFORD RD D WL",
        "KEYFUELS D OCKFORD ROAD FS"
      ],
      "terminal": "West London",
      "isUK": false,
      "isKey": true
    },
    "HA3 9DP": {
      "name": "PARTH KENTON PARK S STN",
      "allNames": [
        "PARTH KENTON PARK S STN"
      ],
      "terminal": "West London",
      "isUK": false,
      "isKey": false
    },
    "HP13 7EX": {
      "name": "MFG HIGH WYCOMBE S STN",
      "allNames": [
        "MFG HIGH WYCOMBE S STN",
        "UK FUELS D HIGH WYCOMBE S STN"
      ],
      "terminal": "West London",
      "isUK": true,
      "isKey": false
    },
    "HP2 5HD": {
      "name": "MARCO POLO QUEENSWAY S STN",
      "allNames": [
        "MARCO POLO QUEENSWAY S STN"
      ],
      "terminal": "West London",
      "isUK": false,
      "isKey": false
    },
    "HP6 6AJ": {
      "name": "MOTOR FUEL AMERSHAM S STN",
      "allNames": [
        "MOTOR FUEL AMERSHAM S STN"
      ],
      "terminal": "West London",
      "isUK": false,
      "isKey": false
    },
    "KT14 7JH": {
      "name": "MFG OYSTER LANE S STN",
      "allNames": [
        "MFG OYSTER LANE S STN"
      ],
      "terminal": "West London",
      "isUK": false,
      "isKey": false
    },
    "KT19 0SH": {
      "name": "AGNIHOTRI KINGSTON RD S STN",
      "allNames": [
        "AGNIHOTRI KINGSTON RD S STN"
      ],
      "terminal": "West London",
      "isUK": false,
      "isKey": false
    },
    "PO5 4DY": {
      "name": "GREEN ROAD GREEN ROAD S STN",
      "allNames": [
        "GREEN ROAD GREEN ROAD S STN"
      ],
      "terminal": "West London",
      "isUK": false,
      "isKey": false
    },
    "PO6 2SJ": {
      "name": "PORTSBRIDGE SERVICE STATION LTD",
      "allNames": [
        "PORTSBRIDGE SERVICE STATION LTD"
      ],
      "terminal": "West London",
      "isUK": false,
      "isKey": false
    },
    "SL1 3XE": {
      "name": "MOTOR FUEL BATH ROAD S STN",
      "allNames": [
        "MOTOR FUEL BATH ROAD S STN"
      ],
      "terminal": "West London",
      "isUK": false,
      "isKey": false
    },
    "TW8 0DU": {
      "name": "AGNIHOTRI BRENTFORD S STN",
      "allNames": [
        "AGNIHOTRI BRENTFORD S STN"
      ],
      "terminal": "West London",
      "isUK": false,
      "isKey": false
    },
    "UB6 0EJ": {
      "name": "PETROGAS GREENFORD S/STATION",
      "allNames": [
        "PETROGAS GREENFORD S/STATION"
      ],
      "terminal": "West London",
      "isUK": false,
      "isKey": false
    },
    "WD24 7GP": {
      "name": "BARTON D WL WATFORD",
      "allNames": [
        "BARTON D WL WATFORD"
      ],
      "terminal": "West London",
      "isUK": false,
      "isKey": false
    }
  }
}